"BR","/pesqele/publico/pesquisa/Pesquisa/visualizacaoPublica.action;jsessionid=D67BE8972D23EB376E10F4A0B7F2B687?id=22231"
"BR","/pesqele/publico/pesquisa/Pesquisa/visualizacaoPublica.action;jsessionid=D67BE8972D23EB376E10F4A0B7F2B687?id=22227"
"BR","/pesqele/publico/pesquisa/Pesquisa/visualizacaoPublica.action;jsessionid=D67BE8972D23EB376E10F4A0B7F2B687?id=22189"
"BR","/pesqele/publico/pesquisa/Pesquisa/visualizacaoPublica.action;jsessionid=D67BE8972D23EB376E10F4A0B7F2B687?id=22187"
"BR","/pesqele/publico/pesquisa/Pesquisa/visualizacaoPublica.action;jsessionid=D67BE8972D23EB376E10F4A0B7F2B687?id=22184"
"BR","/pesqele/publico/pesquisa/Pesquisa/visualizacaoPublica.action;jsessionid=D67BE8972D23EB376E10F4A0B7F2B687?id=22173"
"BR","/pesqele/publico/pesquisa/Pesquisa/visualizacaoPublica.action;jsessionid=D67BE8972D23EB376E10F4A0B7F2B687?id=22167"
"BR","/pesqele/publico/pesquisa/Pesquisa/visualizacaoPublica.action;jsessionid=D67BE8972D23EB376E10F4A0B7F2B687?id=22147"
"BR","/pesqele/publico/pesquisa/Pesquisa/visualizacaoPublica.action;jsessionid=D67BE8972D23EB376E10F4A0B7F2B687?id=22110"
"BR","/pesqele/publico/pesquisa/Pesquisa/visualizacaoPublica.action;jsessionid=D67BE8972D23EB376E10F4A0B7F2B687?id=22083"
"BR","/pesqele/publico/pesquisa/Pesquisa/visualizacaoPublica.action;jsessionid=D67BE8972D23EB376E10F4A0B7F2B687?id=22070"
"BR","/pesqele/publico/pesquisa/Pesquisa/visualizacaoPublica.action;jsessionid=D67BE8972D23EB376E10F4A0B7F2B687?id=22067"
"BR","/pesqele/publico/pesquisa/Pesquisa/visualizacaoPublica.action;jsessionid=D67BE8972D23EB376E10F4A0B7F2B687?id=22053"
"BR","/pesqele/publico/pesquisa/Pesquisa/visualizacaoPublica.action;jsessionid=D67BE8972D23EB376E10F4A0B7F2B687?id=22051"
"BR","/pesqele/publico/pesquisa/Pesquisa/visualizacaoPublica.action;jsessionid=D67BE8972D23EB376E10F4A0B7F2B687?id=22049"
"BR","/pesqele/publico/pesquisa/Pesquisa/visualizacaoPublica.action;jsessionid=D67BE8972D23EB376E10F4A0B7F2B687?id=22029"
"BR","/pesqele/publico/pesquisa/Pesquisa/visualizacaoPublica.action;jsessionid=D67BE8972D23EB376E10F4A0B7F2B687?id=22027"
"BR","/pesqele/publico/pesquisa/Pesquisa/visualizacaoPublica.action;jsessionid=D67BE8972D23EB376E10F4A0B7F2B687?id=22024"
"BR","/pesqele/publico/pesquisa/Pesquisa/visualizacaoPublica.action;jsessionid=D67BE8972D23EB376E10F4A0B7F2B687?id=22007"
"BR","/pesqele/publico/pesquisa/Pesquisa/visualizacaoPublica.action;jsessionid=D67BE8972D23EB376E10F4A0B7F2B687?id=21993"
"BR","/pesqele/publico/pesquisa/Pesquisa/visualizacaoPublica.action;jsessionid=745780B39799110CB77E31B8DB330750?id=21987"
"BR","/pesqele/publico/pesquisa/Pesquisa/visualizacaoPublica.action;jsessionid=745780B39799110CB77E31B8DB330750?id=21973"
"BR","/pesqele/publico/pesquisa/Pesquisa/visualizacaoPublica.action;jsessionid=745780B39799110CB77E31B8DB330750?id=21969"
"BR","/pesqele/publico/pesquisa/Pesquisa/visualizacaoPublica.action;jsessionid=745780B39799110CB77E31B8DB330750?id=21922"
"BR","/pesqele/publico/pesquisa/Pesquisa/visualizacaoPublica.action;jsessionid=745780B39799110CB77E31B8DB330750?id=21965"
"BR","/pesqele/publico/pesquisa/Pesquisa/visualizacaoPublica.action;jsessionid=745780B39799110CB77E31B8DB330750?id=21943"
"BR","/pesqele/publico/pesquisa/Pesquisa/visualizacaoPublica.action;jsessionid=745780B39799110CB77E31B8DB330750?id=21925"
"BR","/pesqele/publico/pesquisa/Pesquisa/visualizacaoPublica.action;jsessionid=745780B39799110CB77E31B8DB330750?id=21924"
"BR","/pesqele/publico/pesquisa/Pesquisa/visualizacaoPublica.action;jsessionid=745780B39799110CB77E31B8DB330750?id=21902"
"BR","/pesqele/publico/pesquisa/Pesquisa/visualizacaoPublica.action;jsessionid=745780B39799110CB77E31B8DB330750?id=21883"
"BR","/pesqele/publico/pesquisa/Pesquisa/visualizacaoPublica.action;jsessionid=745780B39799110CB77E31B8DB330750?id=21825"
"BR","/pesqele/publico/pesquisa/Pesquisa/visualizacaoPublica.action;jsessionid=745780B39799110CB77E31B8DB330750?id=21813"
"BR","/pesqele/publico/pesquisa/Pesquisa/visualizacaoPublica.action;jsessionid=745780B39799110CB77E31B8DB330750?id=21803"
"BR","/pesqele/publico/pesquisa/Pesquisa/visualizacaoPublica.action;jsessionid=745780B39799110CB77E31B8DB330750?id=21763"
"BR","/pesqele/publico/pesquisa/Pesquisa/visualizacaoPublica.action;jsessionid=745780B39799110CB77E31B8DB330750?id=21723"
"BR","/pesqele/publico/pesquisa/Pesquisa/visualizacaoPublica.action;jsessionid=745780B39799110CB77E31B8DB330750?id=21722"
"BR","/pesqele/publico/pesquisa/Pesquisa/visualizacaoPublica.action;jsessionid=745780B39799110CB77E31B8DB330750?id=21688"
"BR","/pesqele/publico/pesquisa/Pesquisa/visualizacaoPublica.action;jsessionid=745780B39799110CB77E31B8DB330750?id=21686"
"BR","/pesqele/publico/pesquisa/Pesquisa/visualizacaoPublica.action;jsessionid=745780B39799110CB77E31B8DB330750?id=21666"
"BR","/pesqele/publico/pesquisa/Pesquisa/visualizacaoPublica.action;jsessionid=745780B39799110CB77E31B8DB330750?id=21665"
"BR","/pesqele/publico/pesquisa/Pesquisa/visualizacaoPublica.action;jsessionid=C49164D02F905DA740D21C91B2D567E8?id=21663"
"BR","/pesqele/publico/pesquisa/Pesquisa/visualizacaoPublica.action;jsessionid=C49164D02F905DA740D21C91B2D567E8?id=21556"
"BR","/pesqele/publico/pesquisa/Pesquisa/visualizacaoPublica.action;jsessionid=C49164D02F905DA740D21C91B2D567E8?id=21626"
"BR","/pesqele/publico/pesquisa/Pesquisa/visualizacaoPublica.action;jsessionid=C49164D02F905DA740D21C91B2D567E8?id=21603"
"BR","/pesqele/publico/pesquisa/Pesquisa/visualizacaoPublica.action;jsessionid=C49164D02F905DA740D21C91B2D567E8?id=21591"
"BR","/pesqele/publico/pesquisa/Pesquisa/visualizacaoPublica.action;jsessionid=C49164D02F905DA740D21C91B2D567E8?id=21589"
"BR","/pesqele/publico/pesquisa/Pesquisa/visualizacaoPublica.action;jsessionid=C49164D02F905DA740D21C91B2D567E8?id=21567"
"BR","/pesqele/publico/pesquisa/Pesquisa/visualizacaoPublica.action;jsessionid=C49164D02F905DA740D21C91B2D567E8?id=21555"
"BR","/pesqele/publico/pesquisa/Pesquisa/visualizacaoPublica.action;jsessionid=C49164D02F905DA740D21C91B2D567E8?id=21551"
"BR","/pesqele/publico/pesquisa/Pesquisa/visualizacaoPublica.action;jsessionid=C49164D02F905DA740D21C91B2D567E8?id=21507"
"BR","/pesqele/publico/pesquisa/Pesquisa/visualizacaoPublica.action;jsessionid=C49164D02F905DA740D21C91B2D567E8?id=21488"
"BR","/pesqele/publico/pesquisa/Pesquisa/visualizacaoPublica.action;jsessionid=C49164D02F905DA740D21C91B2D567E8?id=21484"
"BR","/pesqele/publico/pesquisa/Pesquisa/visualizacaoPublica.action;jsessionid=C49164D02F905DA740D21C91B2D567E8?id=21483"
"BR","/pesqele/publico/pesquisa/Pesquisa/visualizacaoPublica.action;jsessionid=C49164D02F905DA740D21C91B2D567E8?id=21462"
"BR","/pesqele/publico/pesquisa/Pesquisa/visualizacaoPublica.action;jsessionid=C49164D02F905DA740D21C91B2D567E8?id=21406"
"BR","/pesqele/publico/pesquisa/Pesquisa/visualizacaoPublica.action;jsessionid=C49164D02F905DA740D21C91B2D567E8?id=21362"
"BR","/pesqele/publico/pesquisa/Pesquisa/visualizacaoPublica.action;jsessionid=C49164D02F905DA740D21C91B2D567E8?id=21342"
"BR","/pesqele/publico/pesquisa/Pesquisa/visualizacaoPublica.action;jsessionid=C49164D02F905DA740D21C91B2D567E8?id=21324"
"BR","/pesqele/publico/pesquisa/Pesquisa/visualizacaoPublica.action;jsessionid=C49164D02F905DA740D21C91B2D567E8?id=21322"
"BR","/pesqele/publico/pesquisa/Pesquisa/visualizacaoPublica.action;jsessionid=C49164D02F905DA740D21C91B2D567E8?id=21252"
"BR","/pesqele/publico/pesquisa/Pesquisa/visualizacaoPublica.action;jsessionid=A6E1C9ED06864401A681BC90035E1D37?id=21227"
"BR","/pesqele/publico/pesquisa/Pesquisa/visualizacaoPublica.action;jsessionid=A6E1C9ED06864401A681BC90035E1D37?id=21207"
"BR","/pesqele/publico/pesquisa/Pesquisa/visualizacaoPublica.action;jsessionid=A6E1C9ED06864401A681BC90035E1D37?id=21178"
"BR","/pesqele/publico/pesquisa/Pesquisa/visualizacaoPublica.action;jsessionid=A6E1C9ED06864401A681BC90035E1D37?id=21163"
"BR","/pesqele/publico/pesquisa/Pesquisa/visualizacaoPublica.action;jsessionid=A6E1C9ED06864401A681BC90035E1D37?id=21146"
"BR","/pesqele/publico/pesquisa/Pesquisa/visualizacaoPublica.action;jsessionid=A6E1C9ED06864401A681BC90035E1D37?id=21145"
"BR","/pesqele/publico/pesquisa/Pesquisa/visualizacaoPublica.action;jsessionid=A6E1C9ED06864401A681BC90035E1D37?id=21115"
"BR","/pesqele/publico/pesquisa/Pesquisa/visualizacaoPublica.action;jsessionid=A6E1C9ED06864401A681BC90035E1D37?id=21086"
"BR","/pesqele/publico/pesquisa/Pesquisa/visualizacaoPublica.action;jsessionid=A6E1C9ED06864401A681BC90035E1D37?id=21070"
"BR","/pesqele/publico/pesquisa/Pesquisa/visualizacaoPublica.action;jsessionid=A6E1C9ED06864401A681BC90035E1D37?id=21065"
"BR","/pesqele/publico/pesquisa/Pesquisa/visualizacaoPublica.action;jsessionid=A6E1C9ED06864401A681BC90035E1D37?id=21044"
"BR","/pesqele/publico/pesquisa/Pesquisa/visualizacaoPublica.action;jsessionid=A6E1C9ED06864401A681BC90035E1D37?id=21027"
"BR","/pesqele/publico/pesquisa/Pesquisa/visualizacaoPublica.action;jsessionid=A6E1C9ED06864401A681BC90035E1D37?id=21002"
"BR","/pesqele/publico/pesquisa/Pesquisa/visualizacaoPublica.action;jsessionid=A6E1C9ED06864401A681BC90035E1D37?id=21024"
"BR","/pesqele/publico/pesquisa/Pesquisa/visualizacaoPublica.action;jsessionid=A6E1C9ED06864401A681BC90035E1D37?id=21013"
"BR","/pesqele/publico/pesquisa/Pesquisa/visualizacaoPublica.action;jsessionid=A6E1C9ED06864401A681BC90035E1D37?id=21011"
"BR","/pesqele/publico/pesquisa/Pesquisa/visualizacaoPublica.action;jsessionid=A6E1C9ED06864401A681BC90035E1D37?id=21006"
"BR","/pesqele/publico/pesquisa/Pesquisa/visualizacaoPublica.action;jsessionid=A6E1C9ED06864401A681BC90035E1D37?id=21001"
"BR","/pesqele/publico/pesquisa/Pesquisa/visualizacaoPublica.action;jsessionid=A6E1C9ED06864401A681BC90035E1D37?id=20948"
"BR","/pesqele/publico/pesquisa/Pesquisa/visualizacaoPublica.action;jsessionid=A6E1C9ED06864401A681BC90035E1D37?id=20945"
"BR","/pesqele/publico/pesquisa/Pesquisa/visualizacaoPublica.action;jsessionid=D3D616BE50CA14FBD403CD1F625175FB?id=20943"
"BR","/pesqele/publico/pesquisa/Pesquisa/visualizacaoPublica.action;jsessionid=D3D616BE50CA14FBD403CD1F625175FB?id=20925"
"BR","/pesqele/publico/pesquisa/Pesquisa/visualizacaoPublica.action;jsessionid=D3D616BE50CA14FBD403CD1F625175FB?id=20922"
"BR","/pesqele/publico/pesquisa/Pesquisa/visualizacaoPublica.action;jsessionid=D3D616BE50CA14FBD403CD1F625175FB?id=20904"
"BR","/pesqele/publico/pesquisa/Pesquisa/visualizacaoPublica.action;jsessionid=D3D616BE50CA14FBD403CD1F625175FB?id=20882"
"BR","/pesqele/publico/pesquisa/Pesquisa/visualizacaoPublica.action;jsessionid=D3D616BE50CA14FBD403CD1F625175FB?id=20864"
"BR","/pesqele/publico/pesquisa/Pesquisa/visualizacaoPublica.action;jsessionid=D3D616BE50CA14FBD403CD1F625175FB?id=20823"
"BR","/pesqele/publico/pesquisa/Pesquisa/visualizacaoPublica.action;jsessionid=D3D616BE50CA14FBD403CD1F625175FB?id=20767"
"BR","/pesqele/publico/pesquisa/Pesquisa/visualizacaoPublica.action;jsessionid=D3D616BE50CA14FBD403CD1F625175FB?id=20752"
"BR","/pesqele/publico/pesquisa/Pesquisa/visualizacaoPublica.action;jsessionid=D3D616BE50CA14FBD403CD1F625175FB?id=20750"
"BR","/pesqele/publico/pesquisa/Pesquisa/visualizacaoPublica.action;jsessionid=D3D616BE50CA14FBD403CD1F625175FB?id=20743"
"BR","/pesqele/publico/pesquisa/Pesquisa/visualizacaoPublica.action;jsessionid=D3D616BE50CA14FBD403CD1F625175FB?id=20703"
"BR","/pesqele/publico/pesquisa/Pesquisa/visualizacaoPublica.action;jsessionid=D3D616BE50CA14FBD403CD1F625175FB?id=20625"
"BR","/pesqele/publico/pesquisa/Pesquisa/visualizacaoPublica.action;jsessionid=D3D616BE50CA14FBD403CD1F625175FB?id=20583"
"BR","/pesqele/publico/pesquisa/Pesquisa/visualizacaoPublica.action;jsessionid=D3D616BE50CA14FBD403CD1F625175FB?id=20566"
"BR","/pesqele/publico/pesquisa/Pesquisa/visualizacaoPublica.action;jsessionid=D3D616BE50CA14FBD403CD1F625175FB?id=20563"
"BR","/pesqele/publico/pesquisa/Pesquisa/visualizacaoPublica.action;jsessionid=D3D616BE50CA14FBD403CD1F625175FB?id=20482"
"BR","/pesqele/publico/pesquisa/Pesquisa/visualizacaoPublica.action;jsessionid=D3D616BE50CA14FBD403CD1F625175FB?id=20465"
"BR","/pesqele/publico/pesquisa/Pesquisa/visualizacaoPublica.action;jsessionid=D3D616BE50CA14FBD403CD1F625175FB?id=20463"
"BR","/pesqele/publico/pesquisa/Pesquisa/visualizacaoPublica.action;jsessionid=D3D616BE50CA14FBD403CD1F625175FB?id=20421"
"BR","/pesqele/publico/pesquisa/Pesquisa/visualizacaoPublica.action;jsessionid=099DC4C524C11DA89B0E7A80CA7748CA?id=22231"
"BR","/pesqele/publico/pesquisa/Pesquisa/visualizacaoPublica.action;jsessionid=099DC4C524C11DA89B0E7A80CA7748CA?id=22227"
"BR","/pesqele/publico/pesquisa/Pesquisa/visualizacaoPublica.action;jsessionid=099DC4C524C11DA89B0E7A80CA7748CA?id=22189"
"BR","/pesqele/publico/pesquisa/Pesquisa/visualizacaoPublica.action;jsessionid=099DC4C524C11DA89B0E7A80CA7748CA?id=22187"
"BR","/pesqele/publico/pesquisa/Pesquisa/visualizacaoPublica.action;jsessionid=099DC4C524C11DA89B0E7A80CA7748CA?id=22184"
"BR","/pesqele/publico/pesquisa/Pesquisa/visualizacaoPublica.action;jsessionid=099DC4C524C11DA89B0E7A80CA7748CA?id=22173"
"BR","/pesqele/publico/pesquisa/Pesquisa/visualizacaoPublica.action;jsessionid=099DC4C524C11DA89B0E7A80CA7748CA?id=22167"
"BR","/pesqele/publico/pesquisa/Pesquisa/visualizacaoPublica.action;jsessionid=099DC4C524C11DA89B0E7A80CA7748CA?id=22147"
"BR","/pesqele/publico/pesquisa/Pesquisa/visualizacaoPublica.action;jsessionid=099DC4C524C11DA89B0E7A80CA7748CA?id=22110"
"BR","/pesqele/publico/pesquisa/Pesquisa/visualizacaoPublica.action;jsessionid=099DC4C524C11DA89B0E7A80CA7748CA?id=22083"
"BR","/pesqele/publico/pesquisa/Pesquisa/visualizacaoPublica.action;jsessionid=099DC4C524C11DA89B0E7A80CA7748CA?id=22070"
"BR","/pesqele/publico/pesquisa/Pesquisa/visualizacaoPublica.action;jsessionid=099DC4C524C11DA89B0E7A80CA7748CA?id=22067"
"BR","/pesqele/publico/pesquisa/Pesquisa/visualizacaoPublica.action;jsessionid=099DC4C524C11DA89B0E7A80CA7748CA?id=22053"
"BR","/pesqele/publico/pesquisa/Pesquisa/visualizacaoPublica.action;jsessionid=099DC4C524C11DA89B0E7A80CA7748CA?id=22051"
"BR","/pesqele/publico/pesquisa/Pesquisa/visualizacaoPublica.action;jsessionid=099DC4C524C11DA89B0E7A80CA7748CA?id=22049"
"BR","/pesqele/publico/pesquisa/Pesquisa/visualizacaoPublica.action;jsessionid=099DC4C524C11DA89B0E7A80CA7748CA?id=22029"
"BR","/pesqele/publico/pesquisa/Pesquisa/visualizacaoPublica.action;jsessionid=099DC4C524C11DA89B0E7A80CA7748CA?id=22027"
"BR","/pesqele/publico/pesquisa/Pesquisa/visualizacaoPublica.action;jsessionid=099DC4C524C11DA89B0E7A80CA7748CA?id=22024"
"BR","/pesqele/publico/pesquisa/Pesquisa/visualizacaoPublica.action;jsessionid=099DC4C524C11DA89B0E7A80CA7748CA?id=22007"
"BR","/pesqele/publico/pesquisa/Pesquisa/visualizacaoPublica.action;jsessionid=099DC4C524C11DA89B0E7A80CA7748CA?id=21993"
"BR","/pesqele/publico/pesquisa/Pesquisa/visualizacaoPublica.action;jsessionid=622F26DFDF061747E3F1076F7F49E615?id=21987"
"BR","/pesqele/publico/pesquisa/Pesquisa/visualizacaoPublica.action;jsessionid=622F26DFDF061747E3F1076F7F49E615?id=21973"
"BR","/pesqele/publico/pesquisa/Pesquisa/visualizacaoPublica.action;jsessionid=622F26DFDF061747E3F1076F7F49E615?id=21969"
"BR","/pesqele/publico/pesquisa/Pesquisa/visualizacaoPublica.action;jsessionid=622F26DFDF061747E3F1076F7F49E615?id=21922"
"BR","/pesqele/publico/pesquisa/Pesquisa/visualizacaoPublica.action;jsessionid=622F26DFDF061747E3F1076F7F49E615?id=21965"
"BR","/pesqele/publico/pesquisa/Pesquisa/visualizacaoPublica.action;jsessionid=622F26DFDF061747E3F1076F7F49E615?id=21943"
"BR","/pesqele/publico/pesquisa/Pesquisa/visualizacaoPublica.action;jsessionid=622F26DFDF061747E3F1076F7F49E615?id=21925"
"BR","/pesqele/publico/pesquisa/Pesquisa/visualizacaoPublica.action;jsessionid=622F26DFDF061747E3F1076F7F49E615?id=21924"
"BR","/pesqele/publico/pesquisa/Pesquisa/visualizacaoPublica.action;jsessionid=622F26DFDF061747E3F1076F7F49E615?id=21902"
"BR","/pesqele/publico/pesquisa/Pesquisa/visualizacaoPublica.action;jsessionid=622F26DFDF061747E3F1076F7F49E615?id=21883"
"BR","/pesqele/publico/pesquisa/Pesquisa/visualizacaoPublica.action;jsessionid=622F26DFDF061747E3F1076F7F49E615?id=21825"
"BR","/pesqele/publico/pesquisa/Pesquisa/visualizacaoPublica.action;jsessionid=622F26DFDF061747E3F1076F7F49E615?id=21813"
"BR","/pesqele/publico/pesquisa/Pesquisa/visualizacaoPublica.action;jsessionid=622F26DFDF061747E3F1076F7F49E615?id=21803"
"BR","/pesqele/publico/pesquisa/Pesquisa/visualizacaoPublica.action;jsessionid=622F26DFDF061747E3F1076F7F49E615?id=21763"
"BR","/pesqele/publico/pesquisa/Pesquisa/visualizacaoPublica.action;jsessionid=622F26DFDF061747E3F1076F7F49E615?id=21723"
"BR","/pesqele/publico/pesquisa/Pesquisa/visualizacaoPublica.action;jsessionid=622F26DFDF061747E3F1076F7F49E615?id=21722"
"BR","/pesqele/publico/pesquisa/Pesquisa/visualizacaoPublica.action;jsessionid=622F26DFDF061747E3F1076F7F49E615?id=21688"
"BR","/pesqele/publico/pesquisa/Pesquisa/visualizacaoPublica.action;jsessionid=622F26DFDF061747E3F1076F7F49E615?id=21686"
"BR","/pesqele/publico/pesquisa/Pesquisa/visualizacaoPublica.action;jsessionid=622F26DFDF061747E3F1076F7F49E615?id=21666"
"BR","/pesqele/publico/pesquisa/Pesquisa/visualizacaoPublica.action;jsessionid=622F26DFDF061747E3F1076F7F49E615?id=21665"
"BR","/pesqele/publico/pesquisa/Pesquisa/visualizacaoPublica.action;jsessionid=8A6DC5CEF1D06477302FB5DB36510486?id=21663"
"BR","/pesqele/publico/pesquisa/Pesquisa/visualizacaoPublica.action;jsessionid=8A6DC5CEF1D06477302FB5DB36510486?id=21556"
"BR","/pesqele/publico/pesquisa/Pesquisa/visualizacaoPublica.action;jsessionid=8A6DC5CEF1D06477302FB5DB36510486?id=21626"
"BR","/pesqele/publico/pesquisa/Pesquisa/visualizacaoPublica.action;jsessionid=8A6DC5CEF1D06477302FB5DB36510486?id=21603"
"BR","/pesqele/publico/pesquisa/Pesquisa/visualizacaoPublica.action;jsessionid=8A6DC5CEF1D06477302FB5DB36510486?id=21591"
"BR","/pesqele/publico/pesquisa/Pesquisa/visualizacaoPublica.action;jsessionid=8A6DC5CEF1D06477302FB5DB36510486?id=21589"
"BR","/pesqele/publico/pesquisa/Pesquisa/visualizacaoPublica.action;jsessionid=8A6DC5CEF1D06477302FB5DB36510486?id=21567"
"BR","/pesqele/publico/pesquisa/Pesquisa/visualizacaoPublica.action;jsessionid=8A6DC5CEF1D06477302FB5DB36510486?id=21555"
"BR","/pesqele/publico/pesquisa/Pesquisa/visualizacaoPublica.action;jsessionid=8A6DC5CEF1D06477302FB5DB36510486?id=21551"
"BR","/pesqele/publico/pesquisa/Pesquisa/visualizacaoPublica.action;jsessionid=8A6DC5CEF1D06477302FB5DB36510486?id=21507"
"BR","/pesqele/publico/pesquisa/Pesquisa/visualizacaoPublica.action;jsessionid=8A6DC5CEF1D06477302FB5DB36510486?id=21488"
"BR","/pesqele/publico/pesquisa/Pesquisa/visualizacaoPublica.action;jsessionid=8A6DC5CEF1D06477302FB5DB36510486?id=21484"
"BR","/pesqele/publico/pesquisa/Pesquisa/visualizacaoPublica.action;jsessionid=8A6DC5CEF1D06477302FB5DB36510486?id=21483"
"BR","/pesqele/publico/pesquisa/Pesquisa/visualizacaoPublica.action;jsessionid=8A6DC5CEF1D06477302FB5DB36510486?id=21462"
"BR","/pesqele/publico/pesquisa/Pesquisa/visualizacaoPublica.action;jsessionid=8A6DC5CEF1D06477302FB5DB36510486?id=21406"
"BR","/pesqele/publico/pesquisa/Pesquisa/visualizacaoPublica.action;jsessionid=8A6DC5CEF1D06477302FB5DB36510486?id=21362"
"BR","/pesqele/publico/pesquisa/Pesquisa/visualizacaoPublica.action;jsessionid=8A6DC5CEF1D06477302FB5DB36510486?id=21342"
"BR","/pesqele/publico/pesquisa/Pesquisa/visualizacaoPublica.action;jsessionid=8A6DC5CEF1D06477302FB5DB36510486?id=21324"
"BR","/pesqele/publico/pesquisa/Pesquisa/visualizacaoPublica.action;jsessionid=8A6DC5CEF1D06477302FB5DB36510486?id=21322"
"BR","/pesqele/publico/pesquisa/Pesquisa/visualizacaoPublica.action;jsessionid=8A6DC5CEF1D06477302FB5DB36510486?id=21252"
"BR","/pesqele/publico/pesquisa/Pesquisa/visualizacaoPublica.action;jsessionid=599BD91D2969EDCD641861CE21B5582D?id=21227"
"BR","/pesqele/publico/pesquisa/Pesquisa/visualizacaoPublica.action;jsessionid=599BD91D2969EDCD641861CE21B5582D?id=21207"
"BR","/pesqele/publico/pesquisa/Pesquisa/visualizacaoPublica.action;jsessionid=599BD91D2969EDCD641861CE21B5582D?id=21178"
"BR","/pesqele/publico/pesquisa/Pesquisa/visualizacaoPublica.action;jsessionid=599BD91D2969EDCD641861CE21B5582D?id=21163"
"BR","/pesqele/publico/pesquisa/Pesquisa/visualizacaoPublica.action;jsessionid=599BD91D2969EDCD641861CE21B5582D?id=21146"
"BR","/pesqele/publico/pesquisa/Pesquisa/visualizacaoPublica.action;jsessionid=599BD91D2969EDCD641861CE21B5582D?id=21145"
"BR","/pesqele/publico/pesquisa/Pesquisa/visualizacaoPublica.action;jsessionid=599BD91D2969EDCD641861CE21B5582D?id=21115"
"BR","/pesqele/publico/pesquisa/Pesquisa/visualizacaoPublica.action;jsessionid=599BD91D2969EDCD641861CE21B5582D?id=21086"
"BR","/pesqele/publico/pesquisa/Pesquisa/visualizacaoPublica.action;jsessionid=599BD91D2969EDCD641861CE21B5582D?id=21070"
"BR","/pesqele/publico/pesquisa/Pesquisa/visualizacaoPublica.action;jsessionid=599BD91D2969EDCD641861CE21B5582D?id=21065"
"BR","/pesqele/publico/pesquisa/Pesquisa/visualizacaoPublica.action;jsessionid=599BD91D2969EDCD641861CE21B5582D?id=21044"
"BR","/pesqele/publico/pesquisa/Pesquisa/visualizacaoPublica.action;jsessionid=599BD91D2969EDCD641861CE21B5582D?id=21027"
"BR","/pesqele/publico/pesquisa/Pesquisa/visualizacaoPublica.action;jsessionid=599BD91D2969EDCD641861CE21B5582D?id=21002"
"BR","/pesqele/publico/pesquisa/Pesquisa/visualizacaoPublica.action;jsessionid=599BD91D2969EDCD641861CE21B5582D?id=21024"
"BR","/pesqele/publico/pesquisa/Pesquisa/visualizacaoPublica.action;jsessionid=599BD91D2969EDCD641861CE21B5582D?id=21013"
"BR","/pesqele/publico/pesquisa/Pesquisa/visualizacaoPublica.action;jsessionid=599BD91D2969EDCD641861CE21B5582D?id=21011"
"BR","/pesqele/publico/pesquisa/Pesquisa/visualizacaoPublica.action;jsessionid=599BD91D2969EDCD641861CE21B5582D?id=21006"
"BR","/pesqele/publico/pesquisa/Pesquisa/visualizacaoPublica.action;jsessionid=599BD91D2969EDCD641861CE21B5582D?id=21001"
"BR","/pesqele/publico/pesquisa/Pesquisa/visualizacaoPublica.action;jsessionid=599BD91D2969EDCD641861CE21B5582D?id=20948"
"BR","/pesqele/publico/pesquisa/Pesquisa/visualizacaoPublica.action;jsessionid=599BD91D2969EDCD641861CE21B5582D?id=20945"
"BR","/pesqele/publico/pesquisa/Pesquisa/visualizacaoPublica.action;jsessionid=03C410706B9B47FE5BE6C890E49F0054?id=20943"
"BR","/pesqele/publico/pesquisa/Pesquisa/visualizacaoPublica.action;jsessionid=03C410706B9B47FE5BE6C890E49F0054?id=20925"
"BR","/pesqele/publico/pesquisa/Pesquisa/visualizacaoPublica.action;jsessionid=03C410706B9B47FE5BE6C890E49F0054?id=20922"
"BR","/pesqele/publico/pesquisa/Pesquisa/visualizacaoPublica.action;jsessionid=03C410706B9B47FE5BE6C890E49F0054?id=20904"
"BR","/pesqele/publico/pesquisa/Pesquisa/visualizacaoPublica.action;jsessionid=03C410706B9B47FE5BE6C890E49F0054?id=20882"
"BR","/pesqele/publico/pesquisa/Pesquisa/visualizacaoPublica.action;jsessionid=03C410706B9B47FE5BE6C890E49F0054?id=20864"
"BR","/pesqele/publico/pesquisa/Pesquisa/visualizacaoPublica.action;jsessionid=03C410706B9B47FE5BE6C890E49F0054?id=20823"
"BR","/pesqele/publico/pesquisa/Pesquisa/visualizacaoPublica.action;jsessionid=03C410706B9B47FE5BE6C890E49F0054?id=20767"
"BR","/pesqele/publico/pesquisa/Pesquisa/visualizacaoPublica.action;jsessionid=03C410706B9B47FE5BE6C890E49F0054?id=20752"
"BR","/pesqele/publico/pesquisa/Pesquisa/visualizacaoPublica.action;jsessionid=03C410706B9B47FE5BE6C890E49F0054?id=20750"
"BR","/pesqele/publico/pesquisa/Pesquisa/visualizacaoPublica.action;jsessionid=03C410706B9B47FE5BE6C890E49F0054?id=20743"
"BR","/pesqele/publico/pesquisa/Pesquisa/visualizacaoPublica.action;jsessionid=03C410706B9B47FE5BE6C890E49F0054?id=20703"
"BR","/pesqele/publico/pesquisa/Pesquisa/visualizacaoPublica.action;jsessionid=03C410706B9B47FE5BE6C890E49F0054?id=20625"
"BR","/pesqele/publico/pesquisa/Pesquisa/visualizacaoPublica.action;jsessionid=03C410706B9B47FE5BE6C890E49F0054?id=20583"
"BR","/pesqele/publico/pesquisa/Pesquisa/visualizacaoPublica.action;jsessionid=03C410706B9B47FE5BE6C890E49F0054?id=20566"
"BR","/pesqele/publico/pesquisa/Pesquisa/visualizacaoPublica.action;jsessionid=03C410706B9B47FE5BE6C890E49F0054?id=20563"
"BR","/pesqele/publico/pesquisa/Pesquisa/visualizacaoPublica.action;jsessionid=03C410706B9B47FE5BE6C890E49F0054?id=20482"
"BR","/pesqele/publico/pesquisa/Pesquisa/visualizacaoPublica.action;jsessionid=03C410706B9B47FE5BE6C890E49F0054?id=20465"
"BR","/pesqele/publico/pesquisa/Pesquisa/visualizacaoPublica.action;jsessionid=03C410706B9B47FE5BE6C890E49F0054?id=20463"
"BR","/pesqele/publico/pesquisa/Pesquisa/visualizacaoPublica.action;jsessionid=03C410706B9B47FE5BE6C890E49F0054?id=20421"
"BR","/pesqele/publico/pesquisa/Pesquisa/visualizacaoPublica.action;jsessionid=3B8D924CE0F090854541B660FA05A850?id=20401"
"BR","/pesqele/publico/pesquisa/Pesquisa/visualizacaoPublica.action;jsessionid=3B8D924CE0F090854541B660FA05A850?id=20385"
"BR","/pesqele/publico/pesquisa/Pesquisa/visualizacaoPublica.action;jsessionid=3B8D924CE0F090854541B660FA05A850?id=20383"
"BR","/pesqele/publico/pesquisa/Pesquisa/visualizacaoPublica.action;jsessionid=3B8D924CE0F090854541B660FA05A850?id=20245"
"BR","/pesqele/publico/pesquisa/Pesquisa/visualizacaoPublica.action;jsessionid=3B8D924CE0F090854541B660FA05A850?id=20203"
"BR","/pesqele/publico/pesquisa/Pesquisa/visualizacaoPublica.action;jsessionid=3B8D924CE0F090854541B660FA05A850?id=20163"
"BR","/pesqele/publico/pesquisa/Pesquisa/visualizacaoPublica.action;jsessionid=3B8D924CE0F090854541B660FA05A850?id=20002"
"BR","/pesqele/publico/pesquisa/Pesquisa/visualizacaoPublica.action;jsessionid=3B8D924CE0F090854541B660FA05A850?id=19966"
"BR","/pesqele/publico/pesquisa/Pesquisa/visualizacaoPublica.action;jsessionid=3B8D924CE0F090854541B660FA05A850?id=19965"
"AC","/pesqele/publico/pesquisa/Pesquisa/visualizacaoPublica.action;jsessionid=9A63AD3F8228D1DF0A9612D14EFE58CA?id=21882"
"AC","/pesqele/publico/pesquisa/Pesquisa/visualizacaoPublica.action;jsessionid=9A63AD3F8228D1DF0A9612D14EFE58CA?id=21108"
"AC","/pesqele/publico/pesquisa/Pesquisa/visualizacaoPublica.action;jsessionid=9A63AD3F8228D1DF0A9612D14EFE58CA?id=20723"
"AC","/pesqele/publico/pesquisa/Pesquisa/visualizacaoPublica.action;jsessionid=9A63AD3F8228D1DF0A9612D14EFE58CA?id=20422"
"AL","/pesqele/publico/pesquisa/Pesquisa/visualizacaoPublica.action;jsessionid=5938E37D8D1E310D8C46B12A5749C064?id=22052"
"AL","/pesqele/publico/pesquisa/Pesquisa/visualizacaoPublica.action;jsessionid=5938E37D8D1E310D8C46B12A5749C064?id=21122"
"AL","/pesqele/publico/pesquisa/Pesquisa/visualizacaoPublica.action;jsessionid=5938E37D8D1E310D8C46B12A5749C064?id=21014"
"AM","/pesqele/publico/pesquisa/Pesquisa/visualizacaoPublica.action;jsessionid=1F62FA76786CD96F6873A66824AFC989?id=22229"
"AM","/pesqele/publico/pesquisa/Pesquisa/visualizacaoPublica.action;jsessionid=1F62FA76786CD96F6873A66824AFC989?id=22188"
"AM","/pesqele/publico/pesquisa/Pesquisa/visualizacaoPublica.action;jsessionid=1F62FA76786CD96F6873A66824AFC989?id=21923"
"AM","/pesqele/publico/pesquisa/Pesquisa/visualizacaoPublica.action;jsessionid=1F62FA76786CD96F6873A66824AFC989?id=21908"
"AM","/pesqele/publico/pesquisa/Pesquisa/visualizacaoPublica.action;jsessionid=1F62FA76786CD96F6873A66824AFC989?id=21864"
"AM","/pesqele/publico/pesquisa/Pesquisa/visualizacaoPublica.action;jsessionid=1F62FA76786CD96F6873A66824AFC989?id=21863"
"AM","/pesqele/publico/pesquisa/Pesquisa/visualizacaoPublica.action;jsessionid=1F62FA76786CD96F6873A66824AFC989?id=21862"
"AM","/pesqele/publico/pesquisa/Pesquisa/visualizacaoPublica.action;jsessionid=1F62FA76786CD96F6873A66824AFC989?id=21805"
"AM","/pesqele/publico/pesquisa/Pesquisa/visualizacaoPublica.action;jsessionid=1F62FA76786CD96F6873A66824AFC989?id=21557"
"AM","/pesqele/publico/pesquisa/Pesquisa/visualizacaoPublica.action;jsessionid=1F62FA76786CD96F6873A66824AFC989?id=21116"
"AM","/pesqele/publico/pesquisa/Pesquisa/visualizacaoPublica.action;jsessionid=1F62FA76786CD96F6873A66824AFC989?id=21071"
"BA","/pesqele/publico/pesquisa/Pesquisa/visualizacaoPublica.action;jsessionid=4A84DD410FEB83F28868FBDD90B3EB2E?id=22008"
"BA","/pesqele/publico/pesquisa/Pesquisa/visualizacaoPublica.action;jsessionid=4A84DD410FEB83F28868FBDD90B3EB2E?id=20926"
"BA","/pesqele/publico/pesquisa/Pesquisa/visualizacaoPublica.action;jsessionid=4A84DD410FEB83F28868FBDD90B3EB2E?id=20747"
"BA","/pesqele/publico/pesquisa/Pesquisa/visualizacaoPublica.action;jsessionid=4A84DD410FEB83F28868FBDD90B3EB2E?id=20064"
"CE","/pesqele/publico/pesquisa/Pesquisa/visualizacaoPublica.action;jsessionid=146BAA8246F677BA0D0B0B6A12C36120?id=22186"
"CE","/pesqele/publico/pesquisa/Pesquisa/visualizacaoPublica.action;jsessionid=146BAA8246F677BA0D0B0B6A12C36120?id=21823"
"CE","/pesqele/publico/pesquisa/Pesquisa/visualizacaoPublica.action;jsessionid=146BAA8246F677BA0D0B0B6A12C36120?id=21628"
"CE","/pesqele/publico/pesquisa/Pesquisa/visualizacaoPublica.action;jsessionid=146BAA8246F677BA0D0B0B6A12C36120?id=21066"
"CE","/pesqele/publico/pesquisa/Pesquisa/visualizacaoPublica.action;jsessionid=146BAA8246F677BA0D0B0B6A12C36120?id=20626"
"DF","/pesqele/publico/pesquisa/Pesquisa/visualizacaoPublica.action;jsessionid=06E4477C538555CB747D29E61A8421B7?id=22230"
"DF","/pesqele/publico/pesquisa/Pesquisa/visualizacaoPublica.action;jsessionid=06E4477C538555CB747D29E61A8421B7?id=22084"
"DF","/pesqele/publico/pesquisa/Pesquisa/visualizacaoPublica.action;jsessionid=06E4477C538555CB747D29E61A8421B7?id=22082"
"DF","/pesqele/publico/pesquisa/Pesquisa/visualizacaoPublica.action;jsessionid=06E4477C538555CB747D29E61A8421B7?id=22069"
"DF","/pesqele/publico/pesquisa/Pesquisa/visualizacaoPublica.action;jsessionid=06E4477C538555CB747D29E61A8421B7?id=21906"
"DF","/pesqele/publico/pesquisa/Pesquisa/visualizacaoPublica.action;jsessionid=06E4477C538555CB747D29E61A8421B7?id=21590"
"DF","/pesqele/publico/pesquisa/Pesquisa/visualizacaoPublica.action;jsessionid=06E4477C538555CB747D29E61A8421B7?id=21023"
"DF","/pesqele/publico/pesquisa/Pesquisa/visualizacaoPublica.action;jsessionid=06E4477C538555CB747D29E61A8421B7?id=20944"
"DF","/pesqele/publico/pesquisa/Pesquisa/visualizacaoPublica.action;jsessionid=06E4477C538555CB747D29E61A8421B7?id=20748"
"DF","/pesqele/publico/pesquisa/Pesquisa/visualizacaoPublica.action;jsessionid=06E4477C538555CB747D29E61A8421B7?id=20724"
"DF","/pesqele/publico/pesquisa/Pesquisa/visualizacaoPublica.action;jsessionid=06E4477C538555CB747D29E61A8421B7?id=20423"
"ES","/pesqele/publico/pesquisa/Pesquisa/visualizacaoPublica.action;jsessionid=398C288D7CC15994D68EFB2852523492?id=21629"
"ES","/pesqele/publico/pesquisa/Pesquisa/visualizacaoPublica.action;jsessionid=398C288D7CC15994D68EFB2852523492?id=21604"
"ES","/pesqele/publico/pesquisa/Pesquisa/visualizacaoPublica.action;jsessionid=398C288D7CC15994D68EFB2852523492?id=21485"
"ES","/pesqele/publico/pesquisa/Pesquisa/visualizacaoPublica.action;jsessionid=398C288D7CC15994D68EFB2852523492?id=21363"
"ES","/pesqele/publico/pesquisa/Pesquisa/visualizacaoPublica.action;jsessionid=398C288D7CC15994D68EFB2852523492?id=21253"
"ES","/pesqele/publico/pesquisa/Pesquisa/visualizacaoPublica.action;jsessionid=398C288D7CC15994D68EFB2852523492?id=21144"
"GO","/pesqele/publico/pesquisa/Pesquisa/visualizacaoPublica.action;jsessionid=0B2BD17B553CCF4FEEC80463B93D3B25?id=22190"
"GO","/pesqele/publico/pesquisa/Pesquisa/visualizacaoPublica.action;jsessionid=0B2BD17B553CCF4FEEC80463B93D3B25?id=22068"
"GO","/pesqele/publico/pesquisa/Pesquisa/visualizacaoPublica.action;jsessionid=0B2BD17B553CCF4FEEC80463B93D3B25?id=21944"
"GO","/pesqele/publico/pesquisa/Pesquisa/visualizacaoPublica.action;jsessionid=0B2BD17B553CCF4FEEC80463B93D3B25?id=21926"
"GO","/pesqele/publico/pesquisa/Pesquisa/visualizacaoPublica.action;jsessionid=0B2BD17B553CCF4FEEC80463B93D3B25?id=21662"
"GO","/pesqele/publico/pesquisa/Pesquisa/visualizacaoPublica.action;jsessionid=0B2BD17B553CCF4FEEC80463B93D3B25?id=21486"
"GO","/pesqele/publico/pesquisa/Pesquisa/visualizacaoPublica.action;jsessionid=0B2BD17B553CCF4FEEC80463B93D3B25?id=21282"
"GO","/pesqele/publico/pesquisa/Pesquisa/visualizacaoPublica.action;jsessionid=0B2BD17B553CCF4FEEC80463B93D3B25?id=21045"
"GO","/pesqele/publico/pesquisa/Pesquisa/visualizacaoPublica.action;jsessionid=0B2BD17B553CCF4FEEC80463B93D3B25?id=20993"
"GO","/pesqele/publico/pesquisa/Pesquisa/visualizacaoPublica.action;jsessionid=0B2BD17B553CCF4FEEC80463B93D3B25?id=20905"
"GO","/pesqele/publico/pesquisa/Pesquisa/visualizacaoPublica.action;jsessionid=0B2BD17B553CCF4FEEC80463B93D3B25?id=20883"
"GO","/pesqele/publico/pesquisa/Pesquisa/visualizacaoPublica.action;jsessionid=0B2BD17B553CCF4FEEC80463B93D3B25?id=20744"
"GO","/pesqele/publico/pesquisa/Pesquisa/visualizacaoPublica.action;jsessionid=0B2BD17B553CCF4FEEC80463B93D3B25?id=20702"
"GO","/pesqele/publico/pesquisa/Pesquisa/visualizacaoPublica.action;jsessionid=0B2BD17B553CCF4FEEC80463B93D3B25?id=20663"
"GO","/pesqele/publico/pesquisa/Pesquisa/visualizacaoPublica.action;jsessionid=0B2BD17B553CCF4FEEC80463B93D3B25?id=20662"
"GO","/pesqele/publico/pesquisa/Pesquisa/visualizacaoPublica.action;jsessionid=0B2BD17B553CCF4FEEC80463B93D3B25?id=20584"
"GO","/pesqele/publico/pesquisa/Pesquisa/visualizacaoPublica.action;jsessionid=0B2BD17B553CCF4FEEC80463B93D3B25?id=20567"
"GO","/pesqele/publico/pesquisa/Pesquisa/visualizacaoPublica.action;jsessionid=0B2BD17B553CCF4FEEC80463B93D3B25?id=20565"
"GO","/pesqele/publico/pesquisa/Pesquisa/visualizacaoPublica.action;jsessionid=0B2BD17B553CCF4FEEC80463B93D3B25?id=20562"
"GO","/pesqele/publico/pesquisa/Pesquisa/visualizacaoPublica.action;jsessionid=0B2BD17B553CCF4FEEC80463B93D3B25?id=20464"
"GO","/pesqele/publico/pesquisa/Pesquisa/visualizacaoPublica.action;jsessionid=9AB5CA86D2392A71EF7D6E95AC87F495?id=20364"
"GO","/pesqele/publico/pesquisa/Pesquisa/visualizacaoPublica.action;jsessionid=9AB5CA86D2392A71EF7D6E95AC87F495?id=20363"
"GO","/pesqele/publico/pesquisa/Pesquisa/visualizacaoPublica.action;jsessionid=9AB5CA86D2392A71EF7D6E95AC87F495?id=20361"
"GO","/pesqele/publico/pesquisa/Pesquisa/visualizacaoPublica.action;jsessionid=9AB5CA86D2392A71EF7D6E95AC87F495?id=20386"
"GO","/pesqele/publico/pesquisa/Pesquisa/visualizacaoPublica.action;jsessionid=9AB5CA86D2392A71EF7D6E95AC87F495?id=20244"
"MA","/pesqele/publico/pesquisa/Pesquisa/visualizacaoPublica.action;jsessionid=E173D3F24905F82540568A5E1DED196F?id=22028"
"MA","/pesqele/publico/pesquisa/Pesquisa/visualizacaoPublica.action;jsessionid=E173D3F24905F82540568A5E1DED196F?id=21802"
"MA","/pesqele/publico/pesquisa/Pesquisa/visualizacaoPublica.action;jsessionid=E173D3F24905F82540568A5E1DED196F?id=21670"
"MA","/pesqele/publico/pesquisa/Pesquisa/visualizacaoPublica.action;jsessionid=E173D3F24905F82540568A5E1DED196F?id=21644"
"MA","/pesqele/publico/pesquisa/Pesquisa/visualizacaoPublica.action;jsessionid=E173D3F24905F82540568A5E1DED196F?id=21442"
"MA","/pesqele/publico/pesquisa/Pesquisa/visualizacaoPublica.action;jsessionid=E173D3F24905F82540568A5E1DED196F?id=20769"
"MA","/pesqele/publico/pesquisa/Pesquisa/visualizacaoPublica.action;jsessionid=E173D3F24905F82540568A5E1DED196F?id=20442"
"MA","/pesqele/publico/pesquisa/Pesquisa/visualizacaoPublica.action;jsessionid=E173D3F24905F82540568A5E1DED196F?id=20283"
"MA","/pesqele/publico/pesquisa/Pesquisa/visualizacaoPublica.action;jsessionid=E173D3F24905F82540568A5E1DED196F?id=20066"
"MT","/pesqele/publico/pesquisa/Pesquisa/visualizacaoPublica.action;jsessionid=1E791B13940D344430EB6BB8D63AFD93?id=21886"
"MT","/pesqele/publico/pesquisa/Pesquisa/visualizacaoPublica.action;jsessionid=1E791B13940D344430EB6BB8D63AFD93?id=21764"
"MT","/pesqele/publico/pesquisa/Pesquisa/visualizacaoPublica.action;jsessionid=1E791B13940D344430EB6BB8D63AFD93?id=21463"
"MT","/pesqele/publico/pesquisa/Pesquisa/visualizacaoPublica.action;jsessionid=1E791B13940D344430EB6BB8D63AFD93?id=21383"
"MT","/pesqele/publico/pesquisa/Pesquisa/visualizacaoPublica.action;jsessionid=1E791B13940D344430EB6BB8D63AFD93?id=21185"
"MT","/pesqele/publico/pesquisa/Pesquisa/visualizacaoPublica.action;jsessionid=1E791B13940D344430EB6BB8D63AFD93?id=21069"
"MT","/pesqele/publico/pesquisa/Pesquisa/visualizacaoPublica.action;jsessionid=1E791B13940D344430EB6BB8D63AFD93?id=21007"
"MT","/pesqele/publico/pesquisa/Pesquisa/visualizacaoPublica.action;jsessionid=1E791B13940D344430EB6BB8D63AFD93?id=20742"
"MT","/pesqele/publico/pesquisa/Pesquisa/visualizacaoPublica.action;jsessionid=1E791B13940D344430EB6BB8D63AFD93?id=20725"
"MT","/pesqele/publico/pesquisa/Pesquisa/visualizacaoPublica.action;jsessionid=1E791B13940D344430EB6BB8D63AFD93?id=20543"
"MT","/pesqele/publico/pesquisa/Pesquisa/visualizacaoPublica.action;jsessionid=1E791B13940D344430EB6BB8D63AFD93?id=20542"
"MT","/pesqele/publico/pesquisa/Pesquisa/visualizacaoPublica.action;jsessionid=1E791B13940D344430EB6BB8D63AFD93?id=20466"
"MT","/pesqele/publico/pesquisa/Pesquisa/visualizacaoPublica.action;jsessionid=1E791B13940D344430EB6BB8D63AFD93?id=20301"
"MT","/pesqele/publico/pesquisa/Pesquisa/visualizacaoPublica.action;jsessionid=1E791B13940D344430EB6BB8D63AFD93?id=20121"
"MS","/pesqele/publico/pesquisa/Pesquisa/visualizacaoPublica.action;jsessionid=8189B6D52902A75B304C052D3A8385FA?id=22048"
"MS","/pesqele/publico/pesquisa/Pesquisa/visualizacaoPublica.action;jsessionid=8189B6D52902A75B304C052D3A8385FA?id=21928"
"MS","/pesqele/publico/pesquisa/Pesquisa/visualizacaoPublica.action;jsessionid=8189B6D52902A75B304C052D3A8385FA?id=21927"
"MS","/pesqele/publico/pesquisa/Pesquisa/visualizacaoPublica.action;jsessionid=8189B6D52902A75B304C052D3A8385FA?id=21687"
"MS","/pesqele/publico/pesquisa/Pesquisa/visualizacaoPublica.action;jsessionid=8189B6D52902A75B304C052D3A8385FA?id=21565"
"MS","/pesqele/publico/pesquisa/Pesquisa/visualizacaoPublica.action;jsessionid=8189B6D52902A75B304C052D3A8385FA?id=21226"
"MS","/pesqele/publico/pesquisa/Pesquisa/visualizacaoPublica.action;jsessionid=8189B6D52902A75B304C052D3A8385FA?id=21094"
"MS","/pesqele/publico/pesquisa/Pesquisa/visualizacaoPublica.action;jsessionid=8189B6D52902A75B304C052D3A8385FA?id=20785"
"MS","/pesqele/publico/pesquisa/Pesquisa/visualizacaoPublica.action;jsessionid=8189B6D52902A75B304C052D3A8385FA?id=20642"
"MS","/pesqele/publico/pesquisa/Pesquisa/visualizacaoPublica.action;jsessionid=8189B6D52902A75B304C052D3A8385FA?id=20603"
"MG","/pesqele/publico/pesquisa/Pesquisa/visualizacaoPublica.action;jsessionid=A56FF0313596A96101AA44B15E95B436?id=22226"
"MG","/pesqele/publico/pesquisa/Pesquisa/visualizacaoPublica.action;jsessionid=A56FF0313596A96101AA44B15E95B436?id=22225"
"MG","/pesqele/publico/pesquisa/Pesquisa/visualizacaoPublica.action;jsessionid=A56FF0313596A96101AA44B15E95B436?id=22222"
"MG","/pesqele/publico/pesquisa/Pesquisa/visualizacaoPublica.action;jsessionid=A56FF0313596A96101AA44B15E95B436?id=22172"
"MG","/pesqele/publico/pesquisa/Pesquisa/visualizacaoPublica.action;jsessionid=A56FF0313596A96101AA44B15E95B436?id=22146"
"MG","/pesqele/publico/pesquisa/Pesquisa/visualizacaoPublica.action;jsessionid=A56FF0313596A96101AA44B15E95B436?id=22145"
"MG","/pesqele/publico/pesquisa/Pesquisa/visualizacaoPublica.action;jsessionid=A56FF0313596A96101AA44B15E95B436?id=22144"
"MG","/pesqele/publico/pesquisa/Pesquisa/visualizacaoPublica.action;jsessionid=A56FF0313596A96101AA44B15E95B436?id=22143"
"MG","/pesqele/publico/pesquisa/Pesquisa/visualizacaoPublica.action;jsessionid=A56FF0313596A96101AA44B15E95B436?id=22142"
"MG","/pesqele/publico/pesquisa/Pesquisa/visualizacaoPublica.action;jsessionid=A56FF0313596A96101AA44B15E95B436?id=22106"
"MG","/pesqele/publico/pesquisa/Pesquisa/visualizacaoPublica.action;jsessionid=A56FF0313596A96101AA44B15E95B436?id=22026"
"MG","/pesqele/publico/pesquisa/Pesquisa/visualizacaoPublica.action;jsessionid=A56FF0313596A96101AA44B15E95B436?id=21994"
"MG","/pesqele/publico/pesquisa/Pesquisa/visualizacaoPublica.action;jsessionid=A56FF0313596A96101AA44B15E95B436?id=21992"
"MG","/pesqele/publico/pesquisa/Pesquisa/visualizacaoPublica.action;jsessionid=A56FF0313596A96101AA44B15E95B436?id=21990"
"MG","/pesqele/publico/pesquisa/Pesquisa/visualizacaoPublica.action;jsessionid=A56FF0313596A96101AA44B15E95B436?id=21989"
"MG","/pesqele/publico/pesquisa/Pesquisa/visualizacaoPublica.action;jsessionid=A56FF0313596A96101AA44B15E95B436?id=21988"
"MG","/pesqele/publico/pesquisa/Pesquisa/visualizacaoPublica.action;jsessionid=A56FF0313596A96101AA44B15E95B436?id=21984"
"MG","/pesqele/publico/pesquisa/Pesquisa/visualizacaoPublica.action;jsessionid=A56FF0313596A96101AA44B15E95B436?id=21983"
"MG","/pesqele/publico/pesquisa/Pesquisa/visualizacaoPublica.action;jsessionid=A56FF0313596A96101AA44B15E95B436?id=21966"
"MG","/pesqele/publico/pesquisa/Pesquisa/visualizacaoPublica.action;jsessionid=A56FF0313596A96101AA44B15E95B436?id=21964"
"MG","/pesqele/publico/pesquisa/Pesquisa/visualizacaoPublica.action;jsessionid=6590AC152ACBF010DF8B6827D28B7350?id=21962"
"MG","/pesqele/publico/pesquisa/Pesquisa/visualizacaoPublica.action;jsessionid=6590AC152ACBF010DF8B6827D28B7350?id=21564"
"MG","/pesqele/publico/pesquisa/Pesquisa/visualizacaoPublica.action;jsessionid=6590AC152ACBF010DF8B6827D28B7350?id=21482"
"MG","/pesqele/publico/pesquisa/Pesquisa/visualizacaoPublica.action;jsessionid=6590AC152ACBF010DF8B6827D28B7350?id=20287"
"MG","/pesqele/publico/pesquisa/Pesquisa/visualizacaoPublica.action;jsessionid=6590AC152ACBF010DF8B6827D28B7350?id=20242"
"MG","/pesqele/publico/pesquisa/Pesquisa/visualizacaoPublica.action;jsessionid=6590AC152ACBF010DF8B6827D28B7350?id=20185"
"MG","/pesqele/publico/pesquisa/Pesquisa/visualizacaoPublica.action;jsessionid=6590AC152ACBF010DF8B6827D28B7350?id=20184"
"MG","/pesqele/publico/pesquisa/Pesquisa/visualizacaoPublica.action;jsessionid=6590AC152ACBF010DF8B6827D28B7350?id=19982"
"MG","/pesqele/publico/pesquisa/Pesquisa/visualizacaoPublica.action;jsessionid=6590AC152ACBF010DF8B6827D28B7350?id=19969"
"MG","/pesqele/publico/pesquisa/Pesquisa/visualizacaoPublica.action;jsessionid=6590AC152ACBF010DF8B6827D28B7350?id=19967"
"PB","/pesqele/publico/pesquisa/Pesquisa/visualizacaoPublica.action;jsessionid=1832BAC63A6B39076331FBB252755C91?id=21970"
"PB","/pesqele/publico/pesquisa/Pesquisa/visualizacaoPublica.action;jsessionid=1832BAC63A6B39076331FBB252755C91?id=21465"
"PB","/pesqele/publico/pesquisa/Pesquisa/visualizacaoPublica.action;jsessionid=1832BAC63A6B39076331FBB252755C91?id=21304"
"PB","/pesqele/publico/pesquisa/Pesquisa/visualizacaoPublica.action;jsessionid=1832BAC63A6B39076331FBB252755C91?id=21109"
"PB","/pesqele/publico/pesquisa/Pesquisa/visualizacaoPublica.action;jsessionid=1832BAC63A6B39076331FBB252755C91?id=21028"
"PB","/pesqele/publico/pesquisa/Pesquisa/visualizacaoPublica.action;jsessionid=1832BAC63A6B39076331FBB252755C91?id=21003"
"PR","/pesqele/publico/pesquisa/Pesquisa/visualizacaoPublica.action;jsessionid=ACD7D63B2101A1B05BF79FF9CB35CAE6?id=21974"
"PE","/pesqele/publico/pesquisa/Pesquisa/visualizacaoPublica.action;jsessionid=8CB8662A13003ABABE473E7693DD2AFF?id=22108"
"PE","/pesqele/publico/pesquisa/Pesquisa/visualizacaoPublica.action;jsessionid=8CB8662A13003ABABE473E7693DD2AFF?id=22054"
"PE","/pesqele/publico/pesquisa/Pesquisa/visualizacaoPublica.action;jsessionid=8CB8662A13003ABABE473E7693DD2AFF?id=21509"
"PE","/pesqele/publico/pesquisa/Pesquisa/visualizacaoPublica.action;jsessionid=8CB8662A13003ABABE473E7693DD2AFF?id=21208"
"PE","/pesqele/publico/pesquisa/Pesquisa/visualizacaoPublica.action;jsessionid=8CB8662A13003ABABE473E7693DD2AFF?id=20847"
"PI","/pesqele/publico/pesquisa/Pesquisa/visualizacaoPublica.action;jsessionid=DF15A5E97F68D244AB3BAC349423BCA1?id=22126"
"PI","/pesqele/publico/pesquisa/Pesquisa/visualizacaoPublica.action;jsessionid=DF15A5E97F68D244AB3BAC349423BCA1?id=22125"
"PI","/pesqele/publico/pesquisa/Pesquisa/visualizacaoPublica.action;jsessionid=DF15A5E97F68D244AB3BAC349423BCA1?id=22112"
"PI","/pesqele/publico/pesquisa/Pesquisa/visualizacaoPublica.action;jsessionid=DF15A5E97F68D244AB3BAC349423BCA1?id=22111"
"PI","/pesqele/publico/pesquisa/Pesquisa/visualizacaoPublica.action;jsessionid=DF15A5E97F68D244AB3BAC349423BCA1?id=22107"
"PI","/pesqele/publico/pesquisa/Pesquisa/visualizacaoPublica.action;jsessionid=DF15A5E97F68D244AB3BAC349423BCA1?id=22043"
"PI","/pesqele/publico/pesquisa/Pesquisa/visualizacaoPublica.action;jsessionid=DF15A5E97F68D244AB3BAC349423BCA1?id=22042"
"PI","/pesqele/publico/pesquisa/Pesquisa/visualizacaoPublica.action;jsessionid=DF15A5E97F68D244AB3BAC349423BCA1?id=22030"
"PI","/pesqele/publico/pesquisa/Pesquisa/visualizacaoPublica.action;jsessionid=DF15A5E97F68D244AB3BAC349423BCA1?id=22002"
"PI","/pesqele/publico/pesquisa/Pesquisa/visualizacaoPublica.action;jsessionid=DF15A5E97F68D244AB3BAC349423BCA1?id=21985"
"PI","/pesqele/publico/pesquisa/Pesquisa/visualizacaoPublica.action;jsessionid=DF15A5E97F68D244AB3BAC349423BCA1?id=21968"
"PI","/pesqele/publico/pesquisa/Pesquisa/visualizacaoPublica.action;jsessionid=DF15A5E97F68D244AB3BAC349423BCA1?id=21762"
"PI","/pesqele/publico/pesquisa/Pesquisa/visualizacaoPublica.action;jsessionid=DF15A5E97F68D244AB3BAC349423BCA1?id=21667"
"PI","/pesqele/publico/pesquisa/Pesquisa/visualizacaoPublica.action;jsessionid=DF15A5E97F68D244AB3BAC349423BCA1?id=21563"
"PI","/pesqele/publico/pesquisa/Pesquisa/visualizacaoPublica.action;jsessionid=DF15A5E97F68D244AB3BAC349423BCA1?id=21386"
"PI","/pesqele/publico/pesquisa/Pesquisa/visualizacaoPublica.action;jsessionid=DF15A5E97F68D244AB3BAC349423BCA1?id=21323"
"PI","/pesqele/publico/pesquisa/Pesquisa/visualizacaoPublica.action;jsessionid=DF15A5E97F68D244AB3BAC349423BCA1?id=21183"
"PI","/pesqele/publico/pesquisa/Pesquisa/visualizacaoPublica.action;jsessionid=DF15A5E97F68D244AB3BAC349423BCA1?id=20927"
"PI","/pesqele/publico/pesquisa/Pesquisa/visualizacaoPublica.action;jsessionid=DF15A5E97F68D244AB3BAC349423BCA1?id=20766"
"PI","/pesqele/publico/pesquisa/Pesquisa/visualizacaoPublica.action;jsessionid=DF15A5E97F68D244AB3BAC349423BCA1?id=20765"
"PI","/pesqele/publico/pesquisa/Pesquisa/visualizacaoPublica.action;jsessionid=AA7993E59FD747087C46017FB6A67E0D?id=20764"
"PI","/pesqele/publico/pesquisa/Pesquisa/visualizacaoPublica.action;jsessionid=AA7993E59FD747087C46017FB6A67E0D?id=20763"
"PI","/pesqele/publico/pesquisa/Pesquisa/visualizacaoPublica.action;jsessionid=AA7993E59FD747087C46017FB6A67E0D?id=20762"
"PI","/pesqele/publico/pesquisa/Pesquisa/visualizacaoPublica.action;jsessionid=AA7993E59FD747087C46017FB6A67E0D?id=20751"
"PI","/pesqele/publico/pesquisa/Pesquisa/visualizacaoPublica.action;jsessionid=AA7993E59FD747087C46017FB6A67E0D?id=20682"
"PI","/pesqele/publico/pesquisa/Pesquisa/visualizacaoPublica.action;jsessionid=AA7993E59FD747087C46017FB6A67E0D?id=20664"
"PI","/pesqele/publico/pesquisa/Pesquisa/visualizacaoPublica.action;jsessionid=AA7993E59FD747087C46017FB6A67E0D?id=20524"
"PI","/pesqele/publico/pesquisa/Pesquisa/visualizacaoPublica.action;jsessionid=AA7993E59FD747087C46017FB6A67E0D?id=20345"
"PI","/pesqele/publico/pesquisa/Pesquisa/visualizacaoPublica.action;jsessionid=AA7993E59FD747087C46017FB6A67E0D?id=20344"
"PI","/pesqele/publico/pesquisa/Pesquisa/visualizacaoPublica.action;jsessionid=AA7993E59FD747087C46017FB6A67E0D?id=20343"
"PI","/pesqele/publico/pesquisa/Pesquisa/visualizacaoPublica.action;jsessionid=AA7993E59FD747087C46017FB6A67E0D?id=20341"
"PI","/pesqele/publico/pesquisa/Pesquisa/visualizacaoPublica.action;jsessionid=AA7993E59FD747087C46017FB6A67E0D?id=20325"
"PI","/pesqele/publico/pesquisa/Pesquisa/visualizacaoPublica.action;jsessionid=AA7993E59FD747087C46017FB6A67E0D?id=20323"
"PI","/pesqele/publico/pesquisa/Pesquisa/visualizacaoPublica.action;jsessionid=AA7993E59FD747087C46017FB6A67E0D?id=20322"
"PI","/pesqele/publico/pesquisa/Pesquisa/visualizacaoPublica.action;jsessionid=AA7993E59FD747087C46017FB6A67E0D?id=20321"
"PI","/pesqele/publico/pesquisa/Pesquisa/visualizacaoPublica.action;jsessionid=AA7993E59FD747087C46017FB6A67E0D?id=20284"
"PI","/pesqele/publico/pesquisa/Pesquisa/visualizacaoPublica.action;jsessionid=AA7993E59FD747087C46017FB6A67E0D?id=20282"
"PI","/pesqele/publico/pesquisa/Pesquisa/visualizacaoPublica.action;jsessionid=AA7993E59FD747087C46017FB6A67E0D?id=20281"
"PI","/pesqele/publico/pesquisa/Pesquisa/visualizacaoPublica.action;jsessionid=AA7993E59FD747087C46017FB6A67E0D?id=20261"
"PI","/pesqele/publico/pesquisa/Pesquisa/visualizacaoPublica.action;jsessionid=AA7993E59FD747087C46017FB6A67E0D?id=20204"
"PI","/pesqele/publico/pesquisa/Pesquisa/visualizacaoPublica.action;jsessionid=E4F2C571A7E12E00F3FD8CF40C1A312A?id=20162"
"PI","/pesqele/publico/pesquisa/Pesquisa/visualizacaoPublica.action;jsessionid=E4F2C571A7E12E00F3FD8CF40C1A312A?id=20141"
"PI","/pesqele/publico/pesquisa/Pesquisa/visualizacaoPublica.action;jsessionid=E4F2C571A7E12E00F3FD8CF40C1A312A?id=20082"
"PI","/pesqele/publico/pesquisa/Pesquisa/visualizacaoPublica.action;jsessionid=E4F2C571A7E12E00F3FD8CF40C1A312A?id=20001"
"RJ","/pesqele/publico/pesquisa/Pesquisa/visualizacaoPublica.action;jsessionid=964C25C355E352CD5C3DECEEE292A95D?id=22127"
"RJ","/pesqele/publico/pesquisa/Pesquisa/visualizacaoPublica.action;jsessionid=964C25C355E352CD5C3DECEEE292A95D?id=21991"
"RJ","/pesqele/publico/pesquisa/Pesquisa/visualizacaoPublica.action;jsessionid=964C25C355E352CD5C3DECEEE292A95D?id=21414"
"RJ","/pesqele/publico/pesquisa/Pesquisa/visualizacaoPublica.action;jsessionid=964C25C355E352CD5C3DECEEE292A95D?id=20924"
"RS","/pesqele/publico/pesquisa/Pesquisa/visualizacaoPublica.action;jsessionid=2DE2862E4D99288D98646578F739966B?id=21171"
"RO","/pesqele/publico/pesquisa/Pesquisa/visualizacaoPublica.action;jsessionid=9A0C259C62B9F285D00FC845B7FCC95C?id=22046"
"RO","/pesqele/publico/pesquisa/Pesquisa/visualizacaoPublica.action;jsessionid=9A0C259C62B9F285D00FC845B7FCC95C?id=22023"
"RO","/pesqele/publico/pesquisa/Pesquisa/visualizacaoPublica.action;jsessionid=9A0C259C62B9F285D00FC845B7FCC95C?id=21822"
"RO","/pesqele/publico/pesquisa/Pesquisa/visualizacaoPublica.action;jsessionid=9A0C259C62B9F285D00FC845B7FCC95C?id=21651"
"RO","/pesqele/publico/pesquisa/Pesquisa/visualizacaoPublica.action;jsessionid=9A0C259C62B9F285D00FC845B7FCC95C?id=21542"
"RO","/pesqele/publico/pesquisa/Pesquisa/visualizacaoPublica.action;jsessionid=9A0C259C62B9F285D00FC845B7FCC95C?id=21062"
"RO","/pesqele/publico/pesquisa/Pesquisa/visualizacaoPublica.action;jsessionid=9A0C259C62B9F285D00FC845B7FCC95C?id=21030"
"RO","/pesqele/publico/pesquisa/Pesquisa/visualizacaoPublica.action;jsessionid=9A0C259C62B9F285D00FC845B7FCC95C?id=20867"
"RO","/pesqele/publico/pesquisa/Pesquisa/visualizacaoPublica.action;jsessionid=9A0C259C62B9F285D00FC845B7FCC95C?id=20822"
"RO","/pesqele/publico/pesquisa/Pesquisa/visualizacaoPublica.action;jsessionid=9A0C259C62B9F285D00FC845B7FCC95C?id=20461"
"RO","/pesqele/publico/pesquisa/Pesquisa/visualizacaoPublica.action;jsessionid=9A0C259C62B9F285D00FC845B7FCC95C?id=20101"
"RO","/pesqele/publico/pesquisa/Pesquisa/visualizacaoPublica.action;jsessionid=9A0C259C62B9F285D00FC845B7FCC95C?id=20081"
"SC","/pesqele/publico/pesquisa/Pesquisa/visualizacaoPublica.action;jsessionid=EFED99940B6805AA707DCE4B5DACAF09?id=21824"
"SC","/pesqele/publico/pesquisa/Pesquisa/visualizacaoPublica.action;jsessionid=EFED99940B6805AA707DCE4B5DACAF09?id=21814"
"SC","/pesqele/publico/pesquisa/Pesquisa/visualizacaoPublica.action;jsessionid=EFED99940B6805AA707DCE4B5DACAF09?id=21811"
"SC","/pesqele/publico/pesquisa/Pesquisa/visualizacaoPublica.action;jsessionid=EFED99940B6805AA707DCE4B5DACAF09?id=21405"
"SC","/pesqele/publico/pesquisa/Pesquisa/visualizacaoPublica.action;jsessionid=EFED99940B6805AA707DCE4B5DACAF09?id=21164"
"SP","/pesqele/publico/pesquisa/Pesquisa/visualizacaoPublica.action;jsessionid=F8EBE49B20CB3E7816E5BD6F8EAA607D?id=22148"
"SP","/pesqele/publico/pesquisa/Pesquisa/visualizacaoPublica.action;jsessionid=F8EBE49B20CB3E7816E5BD6F8EAA607D?id=22050"
"SP","/pesqele/publico/pesquisa/Pesquisa/visualizacaoPublica.action;jsessionid=F8EBE49B20CB3E7816E5BD6F8EAA607D?id=21788"
"SP","/pesqele/publico/pesquisa/Pesquisa/visualizacaoPublica.action;jsessionid=F8EBE49B20CB3E7816E5BD6F8EAA607D?id=20949"
"SP","/pesqele/publico/pesquisa/Pesquisa/visualizacaoPublica.action;jsessionid=F8EBE49B20CB3E7816E5BD6F8EAA607D?id=20382"
"SP","/pesqele/publico/pesquisa/Pesquisa/visualizacaoPublica.action;jsessionid=F8EBE49B20CB3E7816E5BD6F8EAA607D?id=19968"
"SE","/pesqele/publico/pesquisa/Pesquisa/visualizacaoPublica.action;jsessionid=09528C928AC93F07CB77976C85DFD302?id=22122"
"SE","/pesqele/publico/pesquisa/Pesquisa/visualizacaoPublica.action;jsessionid=09528C928AC93F07CB77976C85DFD302?id=21986"
"SE","/pesqele/publico/pesquisa/Pesquisa/visualizacaoPublica.action;jsessionid=09528C928AC93F07CB77976C85DFD302?id=21223"
"SE","/pesqele/publico/pesquisa/Pesquisa/visualizacaoPublica.action;jsessionid=09528C928AC93F07CB77976C85DFD302?id=21110"
"SE","/pesqele/publico/pesquisa/Pesquisa/visualizacaoPublica.action;jsessionid=09528C928AC93F07CB77976C85DFD302?id=20942"
"TO","/pesqele/publico/pesquisa/Pesquisa/visualizacaoPublica.action;jsessionid=95522B3CC8012D75CBB8712096F0E478?id=21789"
"TO","/pesqele/publico/pesquisa/Pesquisa/visualizacaoPublica.action;jsessionid=95522B3CC8012D75CBB8712096F0E478?id=21587"
"TO","/pesqele/publico/pesquisa/Pesquisa/visualizacaoPublica.action;jsessionid=95522B3CC8012D75CBB8712096F0E478?id=21553"
