abrangencia,amostra,cargo,contratante,controle,data_divulgacao,data_inicio,data_registro,data_termino,eleicao,empresa,entrevistados,estatistico,locais,metodologia,origem_recursos,pagante,protocolo,registro_empresa:,registro_estatistico,uf,url,valor
BRASIL,"Plano amostral e ponderação quanto a sexo, idade, grau de instrução e nível econômico do entrevistado, margem de erro e nível de confiança: Quanto ao Plano Amostral, serão realizadas 1500 entrevistas, com a finalidade de cobertura geográfica do estado da Paraíba-PB, abrangendo as quatro mesorregiões geográficas (estratos), representadas por 55 municípios. Em cada estrato, num primeiro estágio, são sorteados os municípios que farão parte do levantamento, através do método PPT (Probabilidade Proporcional ao Tamanho) considerando o eleitorado de cada município. Num segundo estágio, são sorteados os bairros onde serão aplicadas as entrevistas. Por fim, os respondentes são selecionados através de quotas proporcionais em função das variáveis: SEXO: Masculino 47% e Feminino 53%; IDADE: 16-17 (masculino) 0,8% (feminino) 0,9%; 18-24 (masculino) 8,1% (feminino) 8,2%; 25-34 (masculino) 11,8% (feminino) 12,5%; 35-44 (masculino) 9,3% (feminino) 10,2%; 45-59 (masculino) 9,9% (feminino) 11,4%; 60 e+ (masculino) 7,4% (feminino) 9,6%; FONTE DOS DADOS: IBGE - Censo 2010 | TSE 2014.",Presidente,EMPRESA DE TELEVISÃO JOÃO PESSOA LTDA ; CNPJ: 24.294.209/0001-73,"Sistema interno de controle e verificação, conferência e fiscalização da coleta de dados e do trabalho de campo: Para garantir a fidelidade dos trabalhos aos preceitos determinados pela Souza Lopes Consultoria e Pesquisa e detalhados no treinamento desenvolvido com os entrevistadores, o Sistema de controle e verificação é realizado através de supervisores que acompanham as equipes fazendo a fiscalização no próprio local para e checar a adequação dos entrevistados às quotas amostrais e o preenchimento dos questionários. Pelo menos 20% das entrevistas realizadas por cada pesquisador são fiscalizadas.",2014-06-28,14-06-21,2014-06-23,14-06-24,Eleições Gerais 2014,SOUZA LOPES CONSULTORIA E PESQUISA LTDA,1500,LUCIA HELENA SILVA CARDOSO,"Detalhamento dos municípios onde será realizada a pesquisa: A área de abrangência da coleta é no Estado da Paraíba. A Relação de municípios selecionados para aplicação da amostra será apresentada até o 7º dia seguinte ao registro da pesquisa, conforme expresso no art. 2º § 5º da Resolução 23.400/2013 do TSE.","Metodologia: Pesquisa quantitativa, com  realização de entrevistas pessoais, utilizando questionário estruturado, junto a uma amostra representativa do eleitorado em estudo.",50% Recursos próprios e 50% Contratante,50% Recursos próprios e 50% EMPRESA DE TELEVISÃO JOÃO PESSOA LTDA;  CNPJ: 24.294.209/0001-73,BR-00187/2014,049/2014 CONRE 6a REGIÃO,1616,BR,http://pesqele.tse.jus.br//pesqele/publico/pesquisa/Pesquisa/visualizacaoPublica.action;jsessionid=177F4F6B2D75DE33420AAC5A50CA1C7B?id=22571,"30.000,00"
BRASIL,"Quanto ao Plano Amostral, será utilizada uma Amostra Probabilística, Casual Simples de 600 entrevistas, com a finalidade de cobertura geográfica no município de Mossoró-RN, abrangendo 5 áreas geográficas, representadas por 26 bairros ou conglomerados, com partilha proporcional (Método estatístico PPT = Partilha Proporcional ao Tamanho) sobre o potencial eleitoral de cada uma das áreas.",Presidente,Rádio Difusora de Mossoró. CNPJ 08.250.946/000118,"O sistema de controle interno ocorre a partir do início da etapa de campo, onde os entrevistadores, exclusivos da própria Consult-Pesquisa, são fiscalizados permanentemente por coordenadores de campo, e são realizadas abordagens pós-entrevistas, e visitas ou abordagem retorno sobre 15% da amostra.",2014-06-27,14-06-24,2014-06-22,14-06-24,Eleições Gerais 2014,CONSULTORIA E PESQUISA TECNICA LTDA,600,Paulo de Tarso Teixeira Ferreira,NA,"A Metodologia empregada  para  a  pesquisa segue a Técnica de  Observação  Direta, referente ao Método Quantitativo através da realização de survey de opinião, utilizando-se  como  instrumento  de  investigação   Formulário   Semiestruturado, para entrevistas individualizadas, domiciliares  e/ou locais preestabelecidos.",Rádio Difusora de Mossoró. CNPJ 08.250.946/000118,Rádio Difusora de Mossoró. CNPJ 08.250.946/000118,BR-00186/2014,6ª região nº 0001,6ª região nº 7861,BR,http://pesqele.tse.jus.br//pesqele/publico/pesquisa/Pesquisa/visualizacaoPublica.action;jsessionid=177F4F6B2D75DE33420AAC5A50CA1C7B?id=22555,"7.000,00"
BRASIL,"Representativa do eleitorado da área em estudo, elaborada em três estágios. No primeiro estágio faz-se um sorteio probabilístico dos municípios, onde as entrevistas serão realizadas, pelo método PPT (Probabilidade Proporcional ao Tamanho), tomando o eleitorado como base para tal seleção. No segundo estágio faz-se um sorteio probabilístico dos setores censitários, onde as entrevistas serão realizadas, pelo método PPT (Probabilidade Proporcional ao Tamanho), tomando a população de 16 anos ou mais residente nos setores como base para tal seleção. No terceiro e último estágio, dentro dos setores sorteados, os respondentes são selecionados através de quotas amostrais proporcionais em função de variáveis significativas, a saber: IDADE: 16-24 (masculino) 25% (feminino) 21%; 25-34 (masculino) 24% (feminino) 23%; 35-44 (masculino) 19% (feminino) 20%; 45-54 (masculino) 16% (feminino) 15%; 55 e+ (masculino) 17% (feminino) 21%; INSTRUÇÃO: Até Ensino Médio (masculino) 88% (feminino) 84%; Ensino Superior (masculino) 12% (feminino) 16%; NÍVEL ECONÔMICO: Economicamente ativo (masculino) 75% (feminino) 48%; Não Economicamente ativo (masculino) 25% (feminino) 52%. Está prevista eventual ponderação para correção das variáveis sexo e idade, com base nos percentuais anteriormente mencionados, caso ocorram diferenças superiores a 3 pontos percentuais entre o previsto na amostra e a coleta de dados realizada. Para as variáveis de grau de instrução e nível econômico do entrevistado, o fator previsto para ponderação é 1 (resultados obtidos em campo). O nível de confiança estimado é de 95% e a margem de erro máxima estimada considerando um modelo de amostragem aleatório simples, é de 3 (três) pontos percentuais para mais ou para menos sobre os resultados encontrados no total da amostra. FONTE DOS DADOS: Censo 2010 | PNAD 2012 | TSE 2012 | Entre outras.",Presidente,"RÁDIO NATAL REIS MAGOS LTDA, com endereço na Avenida Deodoro, 250  Petrópolis, na Cidade de Natal, RN, CEP.: 59012-600, inscrito no CNPJ/MF sob o nº 08.459.968/0001-92.","Para a realização da pesquisa, utiliza-se uma equipe de entrevistadores e supervisores contratados pelo IBOPE INTELIGÊNCIA PESQUISA E CONSULTORIA LTDA. devidamente treinados para o trabalho. Após os trabalhos de campo, os questionários são submetidos a uma fiscalização de 20% (vinte por cento) dos questionários aplicados pelos entrevistadores; para verificação das respostas e da adequação dos entrevistadores aos parâmetros amostrais.",2014-06-27,14-06-22,2014-06-22,14-06-25,Eleições Gerais 2014,IBOPE INTELIGÊNCIA PESQUISA E CONSULTORIA LTDA.,812,Márcia Cavallari Nunes,"A área de abrangência da coleta é o Estado do Rio Grande do Norte. A relação dos municípios selecionados para aplicação da amostra será apresentada até o 7º dia seguinte ao registro da pesquisa, conforme expresso no art. 2º, §5º da Resolução 23.400/2013 do TSE.","Pesquisa quantitativa, que consiste na realização de entrevistas pessoais, com a aplicação de questionário estruturado junto a uma amostra representativa do eleitorado em estudo.","RÁDIO NATAL REIS MAGOS LTDA, com endereço na Avenida Deodoro, 250  Petrópolis, na Cidade de Natal, RN, CEP.: 59012-600, inscrito no CNPJ/MF sob o nº 08.459.968/0001-92.","RÁDIO NATAL REIS MAGOS LTDA, com endereço na Avenida Deodoro, 250  Petrópolis, na Cidade de Natal, RN, CEP.: 59012-600, inscrito no CNPJ/MF sob o nº 08.459.968/0001-92.",BR-00185/2014,4375-94,6208-A,BR,http://pesqele.tse.jus.br//pesqele/publico/pesquisa/Pesquisa/visualizacaoPublica.action;jsessionid=177F4F6B2D75DE33420AAC5A50CA1C7B?id=22553,"57.300,00"
BRASIL,"Amostragem por cotas. O conjunto do eleitorado do município é distribuído proporcionalmente por sexo, faixa etária, grau de instrução, renda familiar. As variáveis: sexo, faixa etária e grau de instrução são ponderadas de acordo com as Estatísticas do Eleitorado do Piauí, TRE, Junho de 2014 referente ao município TERESINA-PI. A variável renda familiar é ponderada de acordo com as estatística do Censo Demográfico IBGE  2010. O intervalo de confiança é de 95% com margem de erro de 4,8% para mais ou para menos, nas estatísticas apresentadas para o total da amostra levantada considerando variância máxima p=0,50.",Presidente,ADÁLIA DA FONSÊCA FERREIRA,"Supervisão interna em 100% dos questionários aplicados e crítica dos dados digitados feita pelo computador.  Checagem direta com retorno e/ou acompanhamento e/ou por telefone feita pelos supervisores de campo em no mínimo 20% dos questionários aplicados, de acordo com a exigência da ABEP  Associação Brasileira de Empresas de Pesquisa.",2014-06-26,14-06-21,2014-06-21,14-06-24,Eleições Gerais 2014,INSTITUTO PIAUIENSE DE OPINIÃO PÚBLICA LTDA.,400,JOÃO BATISTA MENDES TELES,Bairros Pesquisados por Superintendência de Desenvolvimento Urbano - SDU:,"Metodologia empregada: Amostragem não aleatória por cotas de sexo, faixa etária, grau de instrução, renda familiar, Superintendência de Desenvolvimento Urbano  SDU e bairros. Entrevistas domiciliares e individuais.",ADÁLIA DA FONSÊCA FERREIRA,ADÁLIA DA FONSÊCA FERREIRA,BR-00184/2014,CONRE  - 7ª REGIÃO Nº 006/97,CONRE  - 7ª REGIÃO Nº 6695,BR,http://pesqele.tse.jus.br//pesqele/publico/pesquisa/Pesquisa/visualizacaoPublica.action;jsessionid=177F4F6B2D75DE33420AAC5A50CA1C7B?id=22549,"8.000,00"
BRASIL,"Universo da Pesquisa: eleitores do Estado do Maranhão. 2 - Amostra: a amostra é representativa do eleitorado do Estado do Maranhão, selecionadas em três estágios (municípios, setores censitários e domicílios): No primeiro estágio fez-se um sorteio probabilísticos dos municípios pesquisados, pelo método PPT (probabilidade proporcional ao tamanho), utilizando-se como base a população estimada pelo censo IBGE 2010 em cada município. Num segundo momento, sorteou-se aleatoriamente setores censitários para a realização das entrevistas domiciliares. No terceiro e último estágio, dentro dos municípios e setores selecionados, os entrevistados foram segmentados através de cotas proporcionais de Sexo (MASCULINO: 49,0%; FEMININO: 51,0%), Faixa Etária (DE 16 A 24 ANOS: 22,8%; DE 25 A 34 ANOS: 25,8%; DE 35 A 44 ANOS: 17,6%; DE 45 A 59 ANOS: 18,5%; MAIS DE 59 ANOS: 15,3%) e Grau de Instrução (ANALFABETO: 13,9%; LÊ E ESCREVE: 21,8%; FUNDAMENTAL COMPLETO/INCOMPLETO: 36,1%; MÉDIO COMPLETO/INCOMPLETO: 26,0%; SUPERIOR COMPLETO/INCOMPLETO: 2,2%) (TSE  2012), e Renda Familiar (ATÉ 1 SALÁRIO MÍNIMO: 37,7%; MAIS DE 1 ATÉ 2 SALÁRIOS MÍNIMOS: 27,2%; MAIS DE 2 ATÉ 5 SALÁRIOS MÍNIMOS: 24,7%; ACIMA DE 5 SALÁRIOS MÍNIMOS: 10,4%) (IBGE  2010), de acordo com o perfil do eleitorado em estudo. 3 - Tamanho da amostra: 1499 entrevistas. 4 - Intervalo de Confiança: o intervalo de confiança estimado é de 95%. 5 - Margem de erro: estimada em 2,5 pontos percentuais para mais ou para menos sobre os resultados encontrados no total da amostra.",Presidente,RAIMUNDA NONATA  MARQUES ME (JORNAL ATOS & FATOS,"Há filtragem em todos os questionários após a realização das entrevistas, supervisão e acompanhamento de campo por profissionais treinados para esse fim. As equipes se deslocam para as diferentes áreas de coletas a fim de acompanhar e fiscalizar o trabalho de campo. Após essa fase, os questionários passam por um processo de verificação. Constatada alguma incongruência, não detectada em campo, o entrevistado é contatado, principalmente por telefone, para confirmar informações transcritas pelos entrevistadores. Só então os questionários são repassados para a equipe de digitação e tabulação.",2014-06-25,14-06-18,2014-06-20,14-06-23,Eleições Gerais 2014,M.M MACHADO,1499,EULINA SILVA SANTOS,"MOSTRA - 50 MUNICÍPIOS PESQUISADOS: CENTRO -  Bacabal, Barra do Corda, Grajaú, Igarapé Grande, Pedreiras, Pio XII, Poção de Pedras, Presidente Dutra, São Mateus do Maranhão, Trizidela do Vale; LESTE - Caxias, Chapadinha, Codó, Coelho Neto, Coroatá,  Peritoró, Santa Quitéria do Maranhão, São João dos Patos, Timbiras. Timon; NORTE (Metro) - Paço do Lumiar, São José de Ribamar, São Luís; NORTE 2 - Barreirinhas, Itapecuru-Mirim, Olinda Nova, Pinheiro, Presidente Vargas, rosário. São Bento, São Vicente de Ferrer, Tutoia, Vargem Grande, Viana; OESTE - Açailândia, Buriticupu, Maracaçumé, Davinópolis, Maranhãozinho, Governador Nunes Freire, Imperatriz, Lago da Pedra, Santa Inês, Santa Luzia, Santa Luzia do Paruá, Zé Doca; SUL - Balsas, Carolina, Loreto, Porto Franco.","Pesquisa quantitativa, através de entrevistas pessoais e domiciliares, com aplicação de questionário estruturado e padronizado junto a amostra representativa da população pesquisada, para apurar a intenção de votos para os mandatos de Presidente da República,  Governador do Estado e Senador da República, nas eleições gerais de 2014.",PRÓPRIOS,RAIMUNDA NONATA  MARQUES ME (JORNAL ATOS & FATOS,BR-00183/2014,003/2014 7ª REGIÃO,5ª REGIÃO - 9189,BR,http://pesqele.tse.jus.br//pesqele/publico/pesquisa/Pesquisa/visualizacaoPublica.action;jsessionid=177F4F6B2D75DE33420AAC5A50CA1C7B?id=22543,"32.000,00"
BRASIL,"Representativa do eleitorado da área em estudo, elaborada em três estágios. No primeiro estágio faz-se um sorteio probabilístico dos municípios, onde as entrevistas serão realizadas, pelo método PPT (Probabilidade Proporcional ao Tamanho), tomando o eleitorado como base para tal seleção. No segundo estágio faz-se um sorteio probabilístico dos setores censitários, onde as entrevistas serão realizadas, pelo método PPT (Probabilidade Proporcional ao Tamanho), tomando a população de 16 anos ou mais residente nos setores como base para tal seleção. No terceiro e último estágio, dentro dos setores sorteados, os respondentes são selecionados através de quotas amostrais proporcionais em função de variáveis significativas, a saber: SEXO: Masculino 48,8%; Feminino 51,2%; IDADE: De 16 a 24 22,7%; De 25 a 34 25,9%; De 35 a 59 36,2%; De 60 a mais 15,2%; ESCOLARIDADE: Fundamental Incompleto 65,2%; Fundamental Completo 5,7%; Médio 26,8%; Superior 2,3%;. Está prevista eventual ponderação para correção das variáveis sexo e idade, com base nos percentuais anteriormente mencionados, caso ocorram diferenças superiores a 3 pontos percentuais entre o previsto na amostra e a coleta de dados realizada. Para as variáveis RENDA e RELIGIÃO do entrevistado, o fator previsto para ponderação é 1 (resultados obtidos em campo). O nível de confiança estimado é de 95% e a margem de erro máxima estimada considerando um modelo de amostragem aleatório simples, é de 3 (três) pontos percentuais para mais ou para menos sobre os resultados encontrados no total da amostra. FONTE DOS DADOS: Censo 2010 | PNAD 2012 | TSE 2012.",Presidente,EMPRESA PACOTILHA SA,"Para a realização da pesquisa, utiliza-se uma equipe de entrevistadores e supervisores contratados pela ECONOMÉTRICA PESQUISA E ENGENHARIA LTDA. devidamente treinados para o trabalho. Após os trabalhos de campo, os questionários são submetidos a uma fiscalização de 20% (vinte por cento) dos questionários aplicados pelos entrevistadores; para verificação das respostas e da adequação dos entrevistadores aos parâmetros amostrais.",2014-06-25,14-06-17,2014-06-20,14-06-20,Eleições Gerais 2014,ECONOMETRICA PESQUISA E ENGENHARIA LTDA,1400,CELENE RAPOSO DE AQUINO,"A área de abrangência da coleta é no Estado do Maranhão. A relação dos municípios selecionados para aplicação da amostra será apresentada até o 7º dia seguinte ao registro da pesquisa, após a publicação, conforme expresso no art. 2º, §5º da Resolução 23.400/2013 do TSE.","Pesquisa quantitativa, que consiste na realização de entrevistas pessoais face to face, com a aplicação de questionário estruturado com questões abertas e fechadas, conduzida por pessoas previamente treinadas e oficialmente identificadas. A distribuição da amostra será feita a partir da representação do eleitorado das 6 regiões do Estado do Maranhão.",A PRÓPRIA,EMPRESA PACOTILHA SA,BR-00182/2014,008/2012,1955,BR,http://pesqele.tse.jus.br//pesqele/publico/pesquisa/Pesquisa/visualizacaoPublica.action;jsessionid=177F4F6B2D75DE33420AAC5A50CA1C7B?id=22526,"45.000,00"
BRASIL,"A amostragem será por cotas de gênero, escolaridade, faixa etária em acordo com os dados eleitorais disponíveis no TER/TSE e região e faixa de renda disponível no IBGE com entrevistas distribuídas proporcionalmente entre as cotas citadas com percentuais, a saber:",Presidente,INSTITUTO JALES DE PESQUISA,"A equipe aplicadora dos questionários estruturados será formada por 3 supervisor e 12 entrevistadores devidamente trinados. Todos os questionários serão supervisionados no trabalho de campo pelo supervisor (diretamente ou acompanhamento) verificando a aplicação correta da grade e 20% será checada posteriormente a coleta (diretamente no local pelo supervisor), haverá ainda supervisão interna de todos os questionários aplicados (1.068) e crítica dos dados digitados feita pelo computador/coordenação.",2014-06-24,14-06-19,2014-06-19,14-06-24,Eleições Gerais 2014,INSTITUTO JALES DE PESQUISA,1068,Paulo Rubens Oliveira Jales de Carvalho,MUNICÍPIOS VISITADOS,"Pesquisa do tipo quantitativa, por amostragem não aleatória/probabilística por cotas, com aplicação de questionário estruturado e abordagem individual domiciliar. O conjunto do eleitorado do Estado do Piauí com 16 anos ou mais de idade será tomado como universo da pesquisa.",PRÓPRIOS,PAULO RUBENS OLIVEIRA JALES DE CARVALHO,BR-00181/2014,06/2006,5102 7ª,BR,http://pesqele.tse.jus.br//pesqele/publico/pesquisa/Pesquisa/visualizacaoPublica.action;jsessionid=177F4F6B2D75DE33420AAC5A50CA1C7B?id=22503,"6.000,00"
BRASIL,Plano Amostral:,Presidente,SERVIÇOS EDITORIAIS A TRIBUNA LTDA - CNPJ:84.321.900/0001-20,"Para a realização da pesquisa será utilizada uma equipe de entrevistadores e supervisores devidamente treinada para este trabalho. Após os trabalhos de campo, os questionários são submetidos a uma fiscalização que consiste no retorno a campo de 20% dos questionários aplicados individualmente pelos entrevistadores, para verificação das respostas e da adequação dos entrevistados aos parâmetros amostrais.",2014-06-23,14-06-08,2014-06-18,14-06-11,Eleições Gerais 2014,VOX OPINIÃO PESQUISA E PROJETOS LTDA,1100,MARIA CECÍLIA SACRAMENTO SOUZA,Será enviado após divulgação dos resultados.,"Pesquisa quantitativa, que consiste na realização de entrevistas pessoais, com a aplicação de questionários estruturados e padronizados junto a uma amostra representativa do eleitorado do estado do Acre.",SERVIÇOS EDITORIAIS A TRIBUNA LTDA,SERVIÇOS EDITORIAIS A TRIBUNA LTDA,BR-00179/2014,NA,5ª REGIÃO Nº 8641,BR,http://pesqele.tse.jus.br//pesqele/publico/pesquisa/Pesquisa/visualizacaoPublica.action;jsessionid=177F4F6B2D75DE33420AAC5A50CA1C7B?id=22482,"40.000,00"
BRASIL,"A pesquisa será representativa do Estado de Mato Grosso do Sul, cujas  entrevistas serão realizadas somente com eleitores do Estado, sendo todos com idade igual e superior a 16 anos, pelo método PPT (probabilidade Proporcional ao Tamanho), tomando o eleitorado como base para a aplicação da amostragem, que, por se tratar de amostragem representativa, as variáveis de sexo, faixa etária, formação escolar, rendimento mensal, localização domiciliar, ocupação principal/profissão, religião praticada, a pesquisa é auto-ponderada, isto é, as proporções estão contidas na amostra conforme critério técnicos por amostragem aleatória simples. De acordo com o projeto global da pesquisa, o nível de confiança estimado é de 95%, e a margem de erro é de até 3 pontos percentuais, para mais ou para menos sobre os resultados encontrados no total da amostra. A fonte dos dados TSE/TRE/Censo 2010/IBGE (www.ibrapenet.com.br)",Presidente,FIEMS Federação das Industrias do Estado de Mato Grosso do Sul,"Após a conclusão do trabalhos de campo, os questionários são submetidos a uma fiscalização e crítica técnica, que consiste na conferência de aplicação das ""cotas amostrais"" com adequação aos parâmetros estruturais e retorno, para ""rechecagem"", de, em determinados casos, de até 20% das entrevistas realizadas pelos agentes de pesquisas de campo, para conferencia das respostas e dos pontos de tomadas das entrevistas. Agentes pesquisadores (entrevistadores de campo) especificamente treinados para o caso, são responsáveis pelas entrevistas pessoais. Todos os questionários são  codificados e posteriormente  processadas em modernos sistemas de computação. (www.ibrapenet.com.br)",2014-06-22,14-06-18,2014-06-17,14-06-22,Eleições Gerais 2014,Ibrape Instituto Brasileiro de Pesquisas de Opinião Pública,1860,Luciano Henrique Matos,"Esta Pesquisa de opinião, tem como abrangência o Estado de Mato Grosso do Sul, a área de estudo foi dividida em 8 (oito)Regiões  geográficas do Estado, são elas: Região Central (Campo Grande), Região Norte, Região do Bolsão, Região Vale do Ivinhema, Região da Grande Dourados, Região do Conesul, Região Sudoeste e Região Pantanal. Dentro de cada região/local são definidos os grupos de eleitores em cada localidade, que participarão da amostra e dentro de cada ponto de abordagem. A relação doso pontos de tomadas da amostra (localidades), será apresentada posteriormente, (após a conclusão dos trabalhos de campo) , conforme consta do artigo 2°, Paragrafo 5°, da Resolução 23.400/2013 do TSE. (www.ibrapenet.com.br)","Realização de Pesquisa de Opinião, na Modalidade Quantitativa, com entrevistados e abordagens pessoais junto a um universo amostral residentes e que votam somente no Estado de Mato Grosso do Sul no período de 18 a 22 de Junho de 2014. (www.ibrapenet.com.br)",Idem (a contratante),Idem (a contratante),BR-00178/2014,5932/08,9168-A,BR,http://pesqele.tse.jus.br//pesqele/publico/pesquisa/Pesquisa/visualizacaoPublica.action;jsessionid=BF86679ECF306A91BB9AE77FC74AF31A?id=22472,"54.240,00"
BRASIL,"Representativa do eleitorado da área em estudo, elaborada em dois momentos. No primeiro momento faz-se um sorteio probabilístico dos setores censitários onde as entrevistas serão realizadas, pelo método PPP (Probabilidade Proporcional à População), tomando o eleitorado como base para tal seleção (dados do TSE). No segundo momento, dentro dos setores sorteados, os respondentes são selecionados através de quotas amostrais, proporcionais em função das variáveis: Sexo, Idade e Grau de Instrução, de acordo com o perfil do eleitorado. O nível econômico é assegurado através do controle das variáveis descritas acima. Não haverá necessidade de ponderação posterior, pois a distribuição amostral baseada nos setores censitários do IBGE, censo de 2010, harmoniza e torna fidedigna a representatividade da população. O intervalo de confiança estimado é de 95% e a margem de erro máxima estimada considerando um modelo de amostragem aleatório simples, é de 3,1 pontos percentuais para mais ou para menos sobre os resultados encontrados no total da amostra.",Presidente,GRUPOM CONSULTORIA EMPRESARIAL LTDA - CNPJ: 01.096.445/0001-80,Para a realização da pesquisa utiliza-se equipe de entrevistadores e supervisores contratados pela GRUPOM devidamente treinados para o trabalho. Após os trabalhos de campo as entrevistas/questionários são submetidos a uma fiscalização de até 20%. A coleta de dados será realizada por meio eletrônico  Tablet onde os dados do respondente são arquivados e transmitido diretamente ao sistema de forma a evitar qualquer interferência nos resultados.,2014-06-22,14-06-13,2014-06-17,14-06-17,Eleições Gerais 2014,GRUPOM CONSULTORIA EMPRESARIAL LTDA,1021,RUI COSTA ABRANTES,NA,"Pesquisa quantitativa, que consiste na realização de entrevistas pessoais e domiciliares, com a aplicação de questionário estruturado junto a uma amostra representativa do eleitorado em estudo.",CONTRATANTE,CONTRATANTE,BR-00177/2014,25,6221,BR,http://pesqele.tse.jus.br//pesqele/publico/pesquisa/Pesquisa/visualizacaoPublica.action;jsessionid=BF86679ECF306A91BB9AE77FC74AF31A?id=22470,"26.000,00"
BRASIL,"a) Público pesquisado: Eleitores residentes no Estado de Goiás b) tipo de amostra: A amostragem será realizada da seguinte forma: 1. Estratificação do estado por agrupamento de Microrregiões obedecendo critério geográfico e Porte dos municípios 2. Tamanho de cada estrato foi definido proporcional ao número de domicílios pertencente a cada um destes (Dados obtidos pelos microdados do CENSO Demográfico de 2010, IBGE) 3. Sorteio de Setores Censitários dentro de cada Estrato 4. Seleção das Residências segundo critério de amostragem sistemática 5. Realização de entrevistas domiciliares com sorteio dentre os moradores presentes na residência selecionada, obedecendo um quadro de Idade/Sexo gerado de maneira aleatória por um software estatístico, levando em consideração as proporções de idade e sexo constantes no sitio do TSE para o Estado Idade e Sexo FEMININO, 16 A 24 ANOS; 8,55% FEMININO, 25 A 34 ANOS; 12,38% FEMININO, 35 A 44 ANOS; 11,11% FEMININO, 45 A 59 ANOS; 12,37% FEMININO, 60 ANOS OU MAIS; 7,5% MASCULINO, 16 A 24 ANOS; 8,18% MASCULINO, 25 A 34 ANOS; 11,49% MASCULINO, 35 A 44 ANOS; 10,14% MASCULINO, 45 A 59 ANOS; 11,23% MASCULINO, 60 ANOS OU MAIS; 7,05% Nível Econômico Masculino / PEA 82,68% Masculino / Não PEA 17,32% Feminino / PEA 59,69% Feminino / Não PEA 40,31% Nível de Instrução Masculino / Até 5 anos instrução 41,75% Masculino / de 6 a 9 anos de instrução 24,86% Masculino / de 10 a 12 anos de instrução 24,31% Masculino / mais de 12 anos de instrução 9,08% Feminino / Até 5 anos instrução 37,96%% Feminino / de 6 a 9 anos de instrução 21,91% Feminino / de 10 a 12 anos de instrução 27,05% Feminino / mais de 12 anos de instrução 13,07% d) Intervalo de Confiança/Margem de Erro: Para este planejamento amostral, considerando-se um intervalo de confiança de 95%, é esperado um erro máximo de 2,16 pontos percentuais na estimação da proporção das intenções de voto dos candidatos. (ESTA PESQUISA MEDIRÁ APENAS O ESTADO DE GOIÁS)",Presidente,Instituto Veritá LTDA,"Para a realização da pesquisa será utilizada uma equipe de entrevistadores e supervisores devidamente treinada para este trabalho. Após os trabalhos de campo, os questionários são submetidos a uma fiscalização que consiste no retorno a campo de 20% dos questionários aplicados individualmente pelos entrevistadores, para verificação das respostas e da adequação dos entrevistados aos parâmetros amostrais.",2014-06-22,14-06-18,2014-06-17,14-06-21,Eleições Gerais 2014,",INSTITUTO   VERITÁ   LTDA  epp",2065,Leonard Mendonça de Assis,NA,"Pesquisa quantitativa, que consiste na realização de entrevistas pessoais, com a aplicação de questionários estruturados e padronizados junto a uma amostra representativa do eleitorado do estado de GOIAS",Instituto Veritá LTDA,Instituto Veritá LTDA,BR-00176/2014,0015,7439 / 6ª Região,BR,http://pesqele.tse.jus.br//pesqele/publico/pesquisa/Pesquisa/visualizacaoPublica.action;jsessionid=BF86679ECF306A91BB9AE77FC74AF31A?id=22468,"82.600,00"
BRASIL,"Tamanho da amostra  1000 entrevistas Sexo Homens = 47% Mulheres = 53% Idade 16 a 24 anos = 24% 25 a 34 anos = 26% 35 a 49 anos = 28% 50 e mais = 22% Escolaridade Primário = 11% 1º grau = 43% 2º grau = 37% Superior = 9% Nível Sócio Econômico A  5% B  10% C  20% D  30% E  35% . Intervalo de confiança e margem de erro Para um intervalo de confiança de 95%, a pesquisa apresenta margem de erro máxima de 3,5%.",Presidente,Jornal Opção,Goiânia;Senador Canedo; Inhumas; Bela Vista; Hidrolândia; Guapó; Teresópolis; Trindade; Anápolis; Aparecida de Goiânia; Itumbiara; Caldas Novas; Santa Crus de Goiás; Goiatuba; Morrinhos; Catalão; Pires do Rio; Ipameri; Urutaí; Rio Verde; Jataí; Quirinópolis; Santa Helena; Acreúna;Indiara; Santo Antônio da Barra; Cesarina; Aparecida do Rio Doce; Ceres; Jaraguá; São Francisco; Goianésia; Porangatu; Uruaçu; Niquelândia; Iporá; Goiás; São Luiz de Montes Belos; Itaberaí; Itapuranga; Sanclerlândia; Fazenda Nova; Luziânia; Formosa; Águas Lindas; Alexânia; Abadiânia;Cristalina;Valparaíso;Corumbá; Cocalzinho; Santo Antônio do Descoberto; Posse; Iaciara; Alvorada do Norte.,2014-06-21,14-06-15,2014-06-16,14-06-19,Eleições Gerais 2014,Fortiori Pesquisa Diagnóstico e Marketing Ltda,800,Alexandre Vasconcelos Lima,NA,"A pesquisa da Fortiori é uma pesquisa quantitativa, através de realização de entrevistas pessoais, por abordagem randômica, com aplicação de questionários junto à amostra definida da população",Jornal Opção,Jornal Opção,BR-00175/2014,PJ 22,8631,BR,http://pesqele.tse.jus.br//pesqele/publico/pesquisa/Pesquisa/visualizacaoPublica.action;jsessionid=BF86679ECF306A91BB9AE77FC74AF31A?id=22456,"60.000,00"
BRASIL,"Sexo: Masculino 535 (48,6%), Feminino 565 (51,4%).",Presidente,CRISTIANE SEKEFF BUDARUICHE DA SILVA,"Participarão: 20 pesquisadore, 5 supervisores, 1 coordenador geral, 1 estatístico e 5 digitadores que farão o fechamento da pesquisa utilizando sistema próprio de pesquisa. Serão reaplicados cerca de 10% dos questionários (por fone) para fins de fiscalização. Após a conclusão da pesquisa os questionários ficarão, no Instituto Verdata, num prazo de 30 dias, para fins de fiscalização.",2014-06-19,14-06-19,2014-06-14,14-06-22,Eleições Gerais 2014,SEKEFF & SEKEFF LTDA - ME,1100,LAÉRCIO DE SOUSA ARAÚJO,Os municípios abrangentes: Altos; Campo Maior; Juazeiro do Piauí; Castelo do Piauí; Pedro II; Piripiri; Piracururu; Cocal da Estação; Buriti dos Lopes; Parnaíba; Luís Correia; Joaquim Pires; Luzilândia; Esperantina; Batalha; Barras; José de Freitas; União; Água Branca; Angical; Regeneração; Amarante; Floriano; Jerumenha; Guadalupe; Uruçuí; Bertolínea; Manoel Emídio; Colônia do Gurguéia; Cristino Castro; Bom Jesus; Monte Alegre do Piauí; Gilbués; Corrente; Cristalândia; Canto do Buriti; São Raimundo Nonato; Coronel José Dias; São João do Piauí; Paulistana; Jaicós; Padre Marcos; Francisco Macedo; Alegrete; Pio IX; Vila Nova; Picos; Dom Expedito Lopes; Ipiranga; Inhuma; Valença; Elesbão Veloso; Oeiras; Parnaguá; Teresina; São Julião; Demerval Lobão; Pimenteiras; São Miguel do Tapuio; Matias Olímpio;,"Trata-se de uma amostra não probabilística retirada das cotas proposta pelo TSE/resolução 23.400 (eleições 2014 - sexo, nível de escolaridade, faixa etária e renda); Eleitores com 16 ou mais anos de idade com domicílio eleitoral no Estado do Piauí. A amostra conterá 1100 entrevistas feitas nos domicílios dos eleitores, sendo que será permitida 1 entrevista por domicílio no território Piauiense zona urbana(60 municípios, incluindo a capital). O intervalo de confiança para esta pesquisa é de 95% com margem de erro de 2,95% (para mais ou para menos), considerando P=0,5.",PRÓPRIO,CRISTIANE SEKEFF BUDARUICHE DA SILVA,BR-00173/2014,NA,9356,BR,http://pesqele.tse.jus.br//pesqele/publico/pesquisa/Pesquisa/visualizacaoPublica.action;jsessionid=BF86679ECF306A91BB9AE77FC74AF31A?id=22432,"15.000,00"
BRASIL,"Representativa do eleitorado da área em estudo, elaborada em três estágios. No primeiro estágio faz-se um sorteio probabilístico dos municípios, onde as entrevistas serão realizadas, pelo método PPT (Probabilidade Proporcional ao Tamanho), tomando o eleitorado como base para tal seleção. No segundo estágio faz-se um sorteio probabilístico dos setores censitários, onde as entrevistas serão realizadas, pelo método PPT (Probabilidade Proporcional ao Tamanho), tomando a população de 16 anos ou mais residente nos setores como base para tal seleção. No terceiro e último estágio, dentro dos setores sorteados, os respondentes são selecionados através de quotas amostrais proporcionais em função de variáveis significativas, a saber: IDADE: 16-24 (masculino) 21% (feminino) 19%; 25-34 (masculino) 24% (feminino) 24%; 35-44 (masculino) 20% (feminino) 20%; 45-54 (masculino) 16% (feminino) 17%; 55 e+ (masculino) 19% (feminino) 21%; INSTRUÇÃO: Até Ensino Médio (masculino) 84% (feminino) 81%; Ensino Superior (masculino) 16% (feminino) 19%; NÍVEL ECONÔMICO: Economicamente ativo (masculino) 79% (feminino) 55%; Não Economicamente ativo (masculino) 21% (feminino) 45%. Está prevista eventual ponderação para correção das variáveis sexo e idade, com base nos percentuais anteriormente mencionados, caso ocorram diferenças superiores a 3 pontos percentuais entre o previsto na amostra e a coleta de dados realizada. Para as variáveis de grau de instrução e nível econômico do entrevistado, o fator previsto para ponderação é 1 (resultados obtidos em campo). O nível de confiança estimado é de 95% e a margem de erro máxima estimada considerando um modelo de amostragem aleatório simples, é de 2 (dois) pontos percentuais para mais ou para menos sobre os resultados encontrados no total da amostra. FONTE DOS DADOS: Censo 2010 | PNAD 2012 | TSE 2012 | Entre outras.",Presidente,"CONFEDERAÇÃO NACIONAL DA INDÚSTRIA  CNI, com sede na cidade de Brasília, Distrito Federal, Setor Bancário Norte, quadra 01, bloco C, Edifício Roberto Simonsen, 11° ao 17° andar, CEP 70.040-903, inscrita no CNPJ/NF sob o nº 33.665.126/0001-34","Para a realização da pesquisa, utiliza-se uma equipe de entrevistadores e supervisores contratados pelo IBOPE INTELIGÊNCIA PESQUISA E CONSULTORIA LTDA. devidamente treinados para o trabalho. Após os trabalhos de campo, os questionários são submetidos a uma fiscalização de 20% (vinte por cento) dos questionários aplicados pelos entrevistadores; para verificação das respostas e da adequação dos entrevistadores aos parâmetros amostrais.",2014-06-19,14-06-13,2014-06-14,14-06-19,Eleições Gerais 2014,IBOPE INTELIGÊNCIA PESQUISA E CONSULTORIA LTDA.,2002,Márcia Cavallari Nunes,"A área de abrangência da coleta é nacional. A relação dos municípios selecionados para aplicação da amostra será apresentada até o 7º dia seguinte ao registro da pesquisa, conforme expresso no art. 2º, §5º da Resolução 23.400/2013 do TSE.","Pesquisa quantitativa, que consiste na realização de entrevistas pessoais, com a aplicação de questionário estruturado junto a uma amostra representativa do eleitorado em estudo.","CONFEDERAÇÃO NACIONAL DA INDÚSTRIA  CNI, com sede na cidade de Brasília, Distrito Federal, Setor Bancário Norte, quadra 01, bloco C, Edifício Roberto Simonsen, 11° ao 17° andar, CEP 70.040-903, inscrita no CNPJ/NF sob o nº 33.665.126/0001-34","CONFEDERAÇÃO NACIONAL DA INDÚSTRIA  CNI, com sede na cidade de Brasília, Distrito Federal, Setor Bancário Norte, quadra 01, bloco C, Edifício Roberto Simonsen, 11° ao 17° andar, CEP 70.040-903, inscrita no CNPJ/NF sob o nº 33.665.126/0001-34",BR-00171/2014,4375-94,6208-A,BR,http://pesqele.tse.jus.br//pesqele/publico/pesquisa/Pesquisa/visualizacaoPublica.action;jsessionid=BF86679ECF306A91BB9AE77FC74AF31A?id=22425,"214.600,00"
BRASIL,"GÊNERO MasculinoNFemininoNSomatório 48,63% 51951,37%5491.068 FAIXA ETÁRIA 16 Anos0,08%1 17 Anos0,89%10 18 a 20 Anos6,89%74 21 a 24 Anos9,79%105 25 a 34 Anos25,23%269 35 a 44 Anos19,22%205 45 a 59 Anos20,89%223 60 a 69 Anos 8,84%94 70 a 79 Anos 5,28%56 Superior a 79 Anos2,89%31 Somatório100,00%1.068 ESCOLARIDADE Analfabeto11,95%128 Lê e Escreve23,63%252 Fundamental incompleto29,58%316 Fundamental completo 4,82%51 Médio incompleto 13,68%146 Médio completo10,72%115 Superior incompleto2,28%24 Superior completo3,34%36 Somatório100,00%1.068 FAIXA DE RENDA Até 1 Salário Mínimo71,41%763 Mais de 1 a 2 Salários Mínimos16,38%175 Mais de 2 a 5 Salários Mínimos8,34%89 Mais de 5 a 10 Salários Mínimos2,67%28 Mais de 10 Salários Mínimos1,20%13 Somatório100,00%1.068",Presidente,EDITORA 180 GRAUS,Checagem pelo supervisor em pelo menos 20% dos questionários em campo e em 100% dos questionários pela coordenação/equipe central internamente.,2014-06-18,14-06-13,2014-06-13,14-06-18,Eleições Gerais 2014,Regional Mídias Associadas Ltda,1068,LAÉRCIO DE SOUSA ARAUJO,&#61656;TERESINA &#61656;JOSÉ DE FREITAS &#61656;ALTOS &#61656;UNIÃO &#61656;AGUA BRANCA &#61656;AMARANTE &#61656;REGENERAÇÃO &#61656;ANGICAL &#61656; PARNAÍBA &#61656;PIRACURUCA &#61656;BURITI DOS LOPES &#61656; LUIS CORREIA &#61656;ESPERANTINA &#61656;BATALHA &#61656;CAMPO MAIOR &#61656;PIRIPIRI &#61656;BARRAS &#61656; PEDRO II &#61656;JOAQUIM PIRES &#61656;LUZILÂNDIA &#61656;CASTELO DO PIAUÍ &#61656;COCAL (DA ESTAÇÃO) &#61656;SÃO RAIMUNDO NONATO &#61656;INHUMA &#61656;ELESBÃO VELOSO &#61656;VALENÇA &#61656;CORONEL JOSÉ DIAS &#61656;CANTO DO BURITI &#61656;PICOS &#61656; OEIRAS &#61656;COLÔNIA DO PIAUÍ &#61656;PIO IX &#61656;ALEGRETE &#61656;IPIRANGA &#61656;URUÇUI &#61656;GUADALUPE &#61656;JERUMENHA &#61656;FLORIANO &#61656;CORRENTE &#61656; CRISTALÂNDIA &#61656;PARNAGUÁ &#61656;JUAZEIRO DO PIAUÍ &#61656;COLÔNIA DO GURGUÉIA &#61656;BERTOLINIA &#61656;MONTE ALEGRE &#61656;FRANCISCO MACEDO &#61656;JAICÓS &#61656;PADRE MARCOS &#61656;PAULISTANA &#61656;SÃO JOÃO DO PIAUÍ &#61656;BOM JESUS &#61656;CRISTINO CASTRO &#61656;GILBUÉS,"Eleitores com 16 ou mais anos de idade com domicílio eleitoral no ESTADO DO PIAUÍ. Trata-se de uma pesquisa preferencialmente domiciliar e individual através de uma amostra não probabilística por cota de sexo, faixa etária, nível de instrução e faixa de renda.",RECURSOS PRÓPRIOS,EDITORA 180 GRAUS,BR-00169/2014,NA,9356,BR,http://pesqele.tse.jus.br//pesqele/publico/pesquisa/Pesquisa/visualizacaoPublica.action;jsessionid=BF86679ECF306A91BB9AE77FC74AF31A?id=22423,"12.000,00"
BRASIL,"Amostragem por cotas. O conjunto do eleitorado do município é distribuído proporcionalmente por sexo, faixa etária, grau de instrução, renda familiar. As variáveis: sexo, faixa etária e grau de instrução são ponderadas de acordo com as Estatísticas do Eleitorado do Maranhão, TSE, Maio de 2014 referente ao município Timon-MA. A variável renda familiar é ponderada de acordo com as estatística do Censo Demográfico IBGE  2010. O intervalo de confiança é de 95% com margem de erro de 4,8% para mais ou para menos, nas estatísticas apresentadas para o total da amostra levantada considerando variância máxima p=0,50.",Presidente,EDITORA TRIBUNA LTDA.,"Supervisão interna em 100% dos questionários aplicados e crítica dos dados digitados feita pelo computador.  Checagem direta com retorno e/ou acompanhamento e/ou por telefone feita pelos supervisores de campo em no mínimo 20% dos questionários aplicados, de acordo com a exigência da ABEP  Associação Brasileira de Empresas de Pesquisa.",2014-06-18,14-05-31,2014-06-13,14-06-01,Eleições Gerais 2014,INSTITUTO PIAUIENSE DE OPINIÃO PÚBLICA LTDA.,400,JOÃO BATISTA MENDES TELES,Bairros e Povoados pesquisados:,"Metodologia empregada: Amostragem não aleatória por cotas de sexo, faixa etária, grau de instrução, renda familiar, zona (urbana e rural), bairros e povoados. Entrevistas domiciliares e individuais.",EDITORA TRIBUNA LTDA.,EDITORA TRIBUNA LTDA.,BR-00168/2014,CONRE  - 7ª REGIÃO Nº 006/97,CONRE  - 7ª REGIÃO Nº 6695,BR,http://pesqele.tse.jus.br//pesqele/publico/pesquisa/Pesquisa/visualizacaoPublica.action;jsessionid=BF86679ECF306A91BB9AE77FC74AF31A?id=22405,"9.000,00"
BRASIL,"Amostragem por cotas. O conjunto do eleitorado dos municípios é distribuído proporcionalmente por sexo, faixa etária, grau de instrução, classe de renda domiciliar. As variáveis: sexo, faixa etária e grau de instrução são ponderadas de acordo com as Estatísticas do Eleitorado do Piauí, TRE, Junho de 2014 referente aos municípios pesquisados. A variável renda familiar é ponderada de acordo com as estatística do Censo Demográfico IBGE  2010. O intervalo de confiança é de 95% com margem de erro de 2,85% para mais ou para menos, nas estatísticas apresentadas para o total da amostra levantada considerando variância máxima p=0,50.",Presidente,SISTEMA MEIO NORTE DE COMUNICAÇÃO LTDA.,"Supervisão interna em 100% dos questionários aplicados e crítica dos dados digitados feita pelo computador.  Checagem direta com retorno e/ou acompanhamento e/ou por telefone feita pelos supervisores de campo em no mínimo 20% dos questionários aplicados, de acordo com a exigência da ABEP  Associação Brasileira de Empresas de Pesquisa.",2014-06-18,14-06-14,2014-06-13,14-06-16,Eleições Gerais 2014,INSTITUTO PIAUIENSE DE OPINIÃO PÚBLICA LTDA.,1137,JOÃO BATISTA MENDES TELES,Municípios pesquisados por microrregião:,"Metodologia empregada: Amostragem não aleatória por cotas de sexo, faixa etária, grau de instrução, renda familiar, microrregião e municípios. Entrevistas domiciliares e individuais. A proporção do número de entrevistas distribuídas no total da amostra entre as zonas urbana e rural é de respectivamente 2:1 (dois para um).",SISTEMA MEIO NORTE DE COMUNICAÇÃO LTDA.,SISTEMA MEIO NORTE DE COMUNICAÇÃO LTDA.,BR-00167/2014,CONRE  - 7ª REGIÃO Nº 006/97,CONRE  - 7ª REGIÃO Nº 6695,BR,http://pesqele.tse.jus.br//pesqele/publico/pesquisa/Pesquisa/visualizacaoPublica.action;jsessionid=1565F86D82CB856E1F9343133C024BAC?id=22403,"33.800,00"
BRASIL,"Representativo do eleitorado da área em estudo, elaborada em três estágios. No primeiro estágio faz-se um sorteio probabilístico dos municípios, onde as entrevistas serão realizadas, pelo método PPT (Probabilidade Proporcional ao Tamanho), tomando o eleitorado como base para tal seleção. No segundo estágio faz-se um sorteio probabilístico dos setores censitários, onde as entrevistas serão realizadas, pelo método PPT (Probabilidade Proporcional ao Tamanho), tomando a população de 16 anos ou mais residente nos setores como base para tal seleção. No terceiro e último estágio, dentro dos setores sorteados, os respondentes são selecionados através de quotas amostrais proporcionais em função de variáveis significativas, a saber: IDADE: 16-24 (masculino) 17% (feminino) 14%; 25-34 (masculino) 22% (feminino) 21%; 35-44 (masculino) 19% (feminino) 19%; 45-54 (masculino) 17% (feminino) 18%; 55 e+ (masculino) 25% (feminino) 28%; INSTRUÇÃO: Até Ensino Médio (masculino) 80% (feminino) 79%; Ensino Superior (masculino) 20% (feminino) 21%; NÍVEL ECONÔMICO: Economicamente ativo (masculino) 74% (feminino) 49%; Não Economicamente ativo (masculino) 26% (feminino) 51%. Está prevista eventual ponderação para correção das variáveis sexo e idade, com base nos percentuais anteriormente mencionados, caso ocorram diferenças superiores a 3 pontos percentuais entre o previsto na amostra e a coleta de dados realizada. Para as variáveis de grau de instrução e nível econômico do entrevistado, o fator previsto para ponderação é 1 (resultados obtidos em campo). O nível de confiança estimado é de 95% e a margem de erro máxima estimada considerando um modelo de amostragem aleatório simples, é de 3 (três) pontos percentuais para mais ou para menos sobre os resultados encontrados no total da amostra. FONTE DOS DADOS: Censo 2010 | PNAD 2012 | TSE 2012 | Entre outras.",Presidente,"FIRJAN  FEDERAÇÃO DAS INDÚSTRIAS DO ESTADO DO RIO DE JANEIRO AV. GRAÇA ARANHA, 01 - 11º ANDAR, CENTRO, RIO DE JANEIRO-RJ, 20030-002, 42.422.212/0001-07","Para a realização da pesquisa, utiliza-se uma equipe de entrevistadores e supervisores contratados pelo IBOPE INTELIGÊNCIA PESQUISA E CONSULTORIA LTDA. devidamente treinados para o trabalho. Após os trabalhos de campo, os questionários são submetidos a uma fiscalização de 20% (vinte por cento) dos questionários aplicados pelos entrevistadores; para verificação das respostas e da adequação dos entrevistadores aos parâmetros amostrais.",2014-06-17,14-06-07,2014-06-12,14-06-11,Eleições Gerais 2014,IBOPE INTELIGÊNCIA PESQUISA E CONSULTORIA LTDA.,1204,Márcia Cavallari Nunes,"A área de abrangência da coleta é o Estado do Rio de Janeiro. A relação dos municípios selecionados para aplicação da amostra será apresentada até o 7º dia seguinte ao registro da pesquisa, conforme expresso no art. 2º, §5º da Resolução 23.400/2013 do TSE.","Pesquisa quantitativa, que consiste na realização de entrevistas pessoais e presenciais, com a aplicação de questionário estruturado junto a uma amostra representativa do eleitorado em estudo.","FIRJAN  FEDERAÇÃO DAS INDÚSTRIAS DO ESTADO DO RIO DE JANEIRO AV. GRAÇA ARANHA, 01 - 11º ANDAR, CENTRO, RIO DE JANEIRO-RJ, 20030-002, 42.422.212/0001-07","FIRJAN  FEDERAÇÃO DAS INDÚSTRIAS DO ESTADO DO RIO DE JANEIRO AV. GRAÇA ARANHA, 01 - 11º ANDAR, CENTRO, RIO DE JANEIRO-RJ, 20030-002, 42.422.212/0001-07",BR-00166/2014,4375-94,6208-A,BR,http://pesqele.tse.jus.br//pesqele/publico/pesquisa/Pesquisa/visualizacaoPublica.action;jsessionid=1565F86D82CB856E1F9343133C024BAC?id=22384,"93.900,00"
BRASIL,a. Público pesquisado: eleitores residentes e domiciliados na cidade de Manaus e em 05 municípios do interior do Estado do Amazonas.,Presidente,PERSPECTIVA - TECNOLOGIA DA INFORMAÇÃO,"Após a coleta de dados é realizada uma fiscalização, na sede da empresa, através de contato telefônico, que consiste na checagem de 10% a 30% das entrevistas aplicadas, tendo a finalidade verificar a veracidade e os procedimentos adotados pelo pesquisador durante a aplicação da entrevista.",2014-06-15,14-06-11,2014-06-10,14-06-20,Eleições Gerais 2014,D M Duarte,1500,Ézio Lacerda Lopes,"A pesquisa será realizada na área urbana e, eventualmente, em algumas áreas rurais dos 05 municípios do interior do Estado do Amazonas (em razão das características geográficas e de acessibilidade do nosso Estado), divididos na seguinte proporção: Parintins 174 (cento e setenta e quatro); Itacoatiara 144 (cento e quarenta e quatro); Manacapuru 129 (cento e vinte e nove); Coari 126 (cento e vinte e seis); e, Tefé 102 (cento e dois). Em Manaus, especificamente, a pesquisa será realizada nas seis zonas administrativas da cidade, que compreendem os seguintes bairros (oficiais), com a quantidade de entrevistados entre parênteses: ZONA CENTRO-OESTE: Alvorada (30 entrevistas), da Paz (07 entrevistas), Dom Pedro (08 entrevistas), Planalto (08 entrevistas) e Redenção (16 entrevistas); ZONA CENTRO-SUL: Chapada (06 entrevistas), Flores (25 entrevistas), Nossa Senhora das Graças (08 entrevistas), Parque 10 de Novembro (21 entrevistas) e Aleixo (10 entrevistas); ZONA LESTE: Armando Mendes (13 entrevistas), Colônia Antônio Aleixo (08 entrevistas), Coroado (24 entrevistas), Jorge Teixeira (53 entrevistas), Mauazinho (11 entrevistas), São José Operário (31 entrevistas), Tancredo Neves (23 entrevistas), Gilberto Mestrinho (26 entrevistas), e Zumbi dos Palmares (17 entrevistas); ZONA NORTE: Cidade Nova (57 entrevistas), Colônia Santo Antônio (08 entrevistas), Monte das Oliveiras (19 entrevistas), Novo Israel (08 entrevistas), Santa Etelvina (12 entrevistas), Novo Aleixo (45 entrevistas), Cidade de Deus (33 entrevistas), Nova Cidade (28 entrevistas), e Colônia Terra Nova (21 entrevistas); ZONA OESTE: Compensa (37 entrevistas), Lírio do Vale (10 entrevistas), Nova Esperança (09 entrevistas), Santo Agostinho (08 entrevistas), Santo Antônio (10 entrevistas), São Jorge (11 entrevistas), São Raimundo (07 entrevistas), Vila da Prata (05 entrevistas), Tarumã (14 entrevistas) e Tarumã-Açu (06 entrevistas); ZONA SUL: Betânia (06 entrevistas), Cachoeirinha (09 entrevistas), Centro (17 entrevistas), Crespo (08 entrevistas), Educandos (08 entrevistas), Japiim (28 entrevistas), Morro da Liberdade (06 entrevistas), Petrópolis (22 entrevistas), Praça 14 de Janeiro (05 entrevistas), Raiz (08 entrevistas), São Francisco (09 entrevistas) e São Lázaro (06 entrevistas).","A pesquisa é quantitativa, a ser realizada a ser realizada com metodologia probabilística e aleatória em cluster (conglomerados). Nesse método, nos municípios que participarão da amostra, sorteiam-se as quadras onde serão realizadas as entrevistas. Os clusters constituem os pontos de amostragem (sampling points), nos quais algumas casas são sorteadas e seus residentes entrevistados face-a-face (personal interviws). Na capital, Manaus, as entrevistas serão realizadas nas seis zonas administrativas, divididas proporcionalmente ao número de habitantes de cada uma, e, dentre elas, subdivida também, proporcionalmente, ao número de habitantes dos bairros oficiais. Os dados para o cálculo têm como base o Censo do IBGE de agosto/2010. Nos 05 outros municípios que participarão da amostra, as entrevistas serão proporcionais ao número de eleitores do interior do Estado do Amazonas, com base na estatística do TRE/AM-2014.",Da própria contratante,PERSPECTIVA - TECNOLOGIA DA INFORMAÇÃO,BR-00164/2014,33,8.332,BR,http://pesqele.tse.jus.br//pesqele/publico/pesquisa/Pesquisa/visualizacaoPublica.action;jsessionid=1565F86D82CB856E1F9343133C024BAC?id=22363,"40.000,00"
BRASIL,"Representativo do eleitorado da área em estudo, elaborada em três estágios. No primeiro estágio faz-se um sorteio probabilístico dos municípios, onde as entrevistas serão realizadas, pelo método PPT (Probabilidade Proporcional ao Tamanho), tomando o eleitorado como base para tal seleção. No segundo estágio faz-se um sorteio probabilístico dos setores censitários, onde as entrevistas serão realizadas, pelo método PPT (Probabilidade Proporcional ao Tamanho), tomando a população de 16 anos ou mais residente nos setores como base para tal seleção. No terceiro e último estágio, dentro dos setores sorteados, os respondentes são selecionados através de quotas amostrais proporcionais em função de variáveis significativas, a saber: IDADE: 16-24 (masculino) 19% (feminino) 17%; 25-34 (masculino) 25% (feminino) 25%; 35-44 (masculino) 21% (feminino) 20%; 45-54 (masculino) 16% (feminino) 17%; 55 e+ (masculino) 19% (feminino) 21%; INSTRUÇÃO: Até Ensino Médio (masculino) 84% (feminino) 81%; Ensino Superior (masculino) 16% (feminino) 19%; NÍVEL ECONÔMICO: Economicamente ativo (masculino) 80% (feminino) 60%; Não Economicamente ativo (masculino) 20% (feminino) 40%. Está prevista eventual ponderação para correção das variáveis sexo e idade, com base nos percentuais anteriormente mencionados, caso ocorram diferenças superiores a 3 pontos percentuais entre o previsto na amostra e a coleta de dados realizada. Para as variáveis de grau de instrução e nível econômico do entrevistado, o fator previsto para ponderação é 1 (resultados obtidos em campo). O nível de confiança estimado é de 95% e a margem de erro máxima estimada considerando um modelo de amostragem aleatório simples, é de 3 (três) pontos percentuais para mais ou para menos sobre os resultados encontrados no total da amostra. FONTE DOS DADOS: Censo 2010 | PNAD 2012 | TSE 2012| Entre outras.",Presidente,"PARTIDO DO MOVIMENTO DEMOCRÁTICO BRASILEIRO  DIRETORIO NACIONAL - CÂMARA DOS DEPUTADOS, EDIFÍCIO PRINCIPAL, SALA T06, PRAÇA DOS 3 PODERES, CEP 70.160-900, 00.676.213/0001-38","Para a realização da pesquisa, utiliza-se uma equipe de entrevistadores e supervisores contratados pelo IBOPE INTELIGÊNCIA PESQUISA E CONSULTORIA LTDA. devidamente treinados para o trabalho. Após os trabalhos de campo, os questionários são submetidos a uma fiscalização de 20% (vinte por cento) dos questionários aplicados pelos entrevistadores; para verificação das respostas e da adequação dos entrevistadores aos parâmetros amostrais.",2014-06-15,14-06-08,2014-06-10,14-06-11,Eleições Gerais 2014,IBOPE INTELIGÊNCIA PESQUISA E CONSULTORIA LTDA.,812,Márcia Cavallari Nunes,"A área de abrangência da coleta é o Estado do Espírito Santo. A relação dos municípios selecionados para aplicação da amostra será apresentada até o 7º dia seguinte ao registro da pesquisa, conforme expresso no art. 2º, §5º da Resolução 23.400/2013 do TSE.","Pesquisa quantitativa, que consiste na realização de entrevistas pessoais e presenciais, com a aplicação de questionário estruturado junto a uma amostra representativa do eleitorado em estudo.","PARTIDO DO MOVIMENTO DEMOCRÁTICO BRASILEIRO  DIRETORIO NACIONAL - CÂMARA DOS DEPUTADOS, EDIFÍCIO PRINCIPAL, SALA T06, PRAÇA DOS 3 PODERES, CEP 70.160-900, 00.676.213/0001-38","PARTIDO DO MOVIMENTO DEMOCRÁTICO BRASILEIRO  DIRETORIO NACIONAL - CÂMARA DOS DEPUTADOS, EDIFÍCIO PRINCIPAL, SALA T06, PRAÇA DOS 3 PODERES, CEP 70.160-900, 00.676.213/0001-38",BR-00163/2014,4375-94,6208-A,BR,http://pesqele.tse.jus.br//pesqele/publico/pesquisa/Pesquisa/visualizacaoPublica.action;jsessionid=1565F86D82CB856E1F9343133C024BAC?id=22347,"57.000,00"
BRASIL,"a) Ponderação sexo, idade, instrução, nível econômico. Sexo: 48,3% Masculino; 51,7% Feminino. Idade: 4,8% de 16 a 17 anos; 16,9% de 18 a 24 anos; 12,1% de 25 a 29 anos; 21,0% de 30 a 39 anos; 17,6% de 40 a 49 anos; 27,6% 50 anos ou mais. Instrução 28,2% até 4a Série do Ensino Fundamental 22,8% da 5a a 8a Série do Ensino Fundamental; 33,0%% da 1a a 3a Série do Ensino Médio; 16,0% Superior completo ou incompleto. Nível Econômico: 22,7% até 01 SM; 56,0% Mais de 01 até 05 SM; 13,6% Mais 05 até 10 SM; 5,3% Mais de 10 até 20 SM; 2,3% Acima 20 SM. b) Intervalo de Confiança = 95%, Margem de Erro = ± 1,4%",Presidente,Sensus Data World Pesquisa e Consultoria S/C Ltda,"A equipe de trabalho de campo é formada por entrevistadores e coordenadores. Os entrevistadores aplicam as entrevistas individuais domiciliares em Setores Censitários do IBGE previamente sorteados pelo Instituto, dentro de um prazo pré-definido, enquanto os Coordenadores fiscalizam o trabalho dos Entrevistadores. É atribuição dos Coordenadores: 1) Garantir o cumprimento correto das entrevistas; 2) Anular questionários que não cumpram a amostra através da conferência das cotas; 3) Anular questionários preenchidos e/ou aplicados incorretamente; 4) Fazer cumprir o trabalho de campo dentro do prazo especificado. Após conclusão do trabalho de campo é realizada uma checagem de cerca de 15% dos questionários aplicados, através de verificação in loco: 1) Confirmação da existência do entrevistado; 2) Verificação de cotas (Sexo, Idade, Escolaridade e Renda); 3) Verificação da aplicação integral do questionário.",2014-06-14,14-05-26,2014-06-09,14-06-04,Eleições Gerais 2014,Sensus Data World Pesquisa e Consultoria S/C Ltda,5000,Felipe Abrahão Coelho Fantauzzi,"AL - Estrela de Alagoas, AL - Campo Alegre, AL - Maceió, AM - Iranduba, AM - Itacoatiara, AM - Manaus, AM - Rio Preto da Eva, AM - Fonte Boa, AM - Humaitá, BA - Feira de Santana, BA - Filadélfia, BA - Cândido Sales, BA - Vitória da Conquista, BA - Barreiras, BA - Salvador, BA - Saubara, BA - Cícero Dantas, BA - Itagimirim, BA - Itamaraju, CE - Alto Santo, CE - Eusébio, CE - Fortaleza, CE - Forquilha, CE - Umirim, CE - Solonópole, CE - Campos Sales, DF - Brasília, ES - Venda Nova do Imigrante, ES - Vitória, ES - Sooretama, GO - Anápolis, GO - Aparecida de Goiânia, GO - Ceres, GO - Firminópolis, GO - Goianésia, GO - Goiânia, GO - Alvorada do Norte, GO - Luziânia, GO - Planaltina, GO - Bom Jardim de Goiás, GO - Cavalcante, GO - Bom Jesus de Goiás, GO - Itumbiara, GO - Mineiros, GO - Palmelo, MA - São Mateus do Maranhão, MA - Caxias, MA - São Bento, MA - São Luís, MA - Santa Inês, MG - São João del Rei, MG - Belo Horizonte, MG - Contagem, MG - Rio Manso, MG - Montes Claros, MG - Perdigão, MG - Poços de Caldas, MG - Uberlândia, MG - Coronel Fabriciano, MG - Juiz de Fora, MS - Camapuã, MS - Campo Grande, MS - Três Lagoas, MS - Aquidauana, MS - Deodápolis, MS - Dourados, MS - Fátima do Sul, MT - Cuiabá, MT - Nossa Senhora do Livramento, MT - Várzea Grande, MT - Vila Rica, MT - Alta Floresta, MT - Juruena, MT - Nova Mutum, MT - Rondonópolis, MT - Nova Olímpia, PA - Porto de Moz, PA - Santarém, PA - Breves, PA - Ananindeua, PA - Belém, PA - Benevides, PA - Castanhal, PA - Cametá, PA - Igarapé-Açu, PA - Limoeiro do Ajuru, PA - Tailândia, PA - Tomé-Açu, PA - Conceição do Araguaia, PA - Marabá, PA - Redenção, PA - São Domingos do Araguaia, PA - Ulianópolis, PA - Altamira, PA - Rurópolis, PB - Alagoa Grande, PB - João Pessoa, PB - Teixeira, PE - Garanhuns, PE - Terezinha, PE - Barreiros, PE - Olinda, PE - Paulista, PE - Recife, PE - Afogados da Ingazeira, PI - Água Branca, PI - Teresina, PI - Batalha, PR - Campo Mourão, PR - Piraí do Sul, PR - Guarapuava, PR - Curitiba, PR - Pinhais, PR - Quatro Barras, PR - São José dos Pinhais, PR - Cianorte, PR - Apucarana, PR - Bela Vista do Paraíso, PR - Londrina, PR - Marialva, PR - Andirá, PR - Cascavel, PR - Serranópolis do Iguaçu, PR - Santa Izabel do Oeste, RJ - Araruama, RJ - Magé, RJ - Niterói, RJ - Rio de Janeiro, RJ - São Gonçalo, RJ - São José do Vale do Rio Preto, RJ - Resende, RN - Sítio Novo, RN - Goianinha, RN - Natal, RO - Alta Floresta D'Oeste, RO - Ariquemes, RO - Jaru, RO - Mirante da Serra, RO - Buritis, RO - Porto Velho, RS - Santa Maria, RS - Sinimbu, RS - Cachoeirinha, RS - Canoas, RS - Dois Irmãos, RS - Novo Hamburgo, RS - Porto Alegre, RS - Sapiranga, RS - Caxias do Sul, RS - Veranópolis, RS - Cacique Doble, RS - Carazinho, RS - Santo Ângelo, RS - Pelotas, RS - Bagé, SC - Florianópolis, SC - Governador Celso Ramos, SC - Joinville, SC - Três Barras, SC - Concórdia, SC - Guaraciaba, SC - Campos Novos, SC - Criciúma, SC - Nova Veneza, SC - Blumenau, SC - Ituporanga, SC - Navegantes, SE- Aracaju, SE - Própria, SP - Araçatuba, SP - Piratininga, SP - Campinas, SP - Pirassununga, SP - Atibaia, SP - Morngaba, SP - Marília, SP - Arujá, SP - Carapicuíba, SP - Guarujá, SP - Guarulhos, SP - Santos, SP - São Paulo, SP - Limeira, SP - Osvaldo Cruz, SP - Ribeirão Preto, SP - Votuporanga, SP - Taubaté, TO - Araguaçu, TO - Araguaína, TO - Palmas e TO - Porto Nacional.","5.000 Entrevistas domiciliares, com 1.000 Entrevistas para cada Região, ponderadas segundo as distribuições demográficas do IBGE, no total de 24 Estados, com o sorteio aleatório de 191 Municípios pelo método da Probabilidade Proporcional ao Tamanho - PPT. Probabilística sistemática até o Setor Censitário para Urbano e Rural, com cotas para Sexo, Idade, Escolaridade e Renda no Setor Censitário.",Sensus Data World Pesquisa e Consultoria S/C Ltda,Sensus Data World Pesquisa e Consultoria S/C Ltda,BR-00161/2014,022 / 5ª Região,8429 / 5ª Região,BR,http://pesqele.tse.jus.br//pesqele/publico/pesquisa/Pesquisa/visualizacaoPublica.action;jsessionid=4009F79086D7916ADCAD9746E3A47E91?id=22324,"200.000,00"
BRASIL,"Quanto ao Plano Amostral, foi utilizada uma Amostra Probabilística, Casual Simples de 1700 entrevistas, com a finalidade de cobertura geográfica no estado do Rio Grande do Norte-RN, abrangendo dez áreas geográficas, representadas por 58 municípios, em áreas urbanas e rurais, com partilha proporcional (Método estatístico PPT = Partilha Proporcional ao Tamanho) sobre o potencial eleitoral de cada uma das regiões.",Presidente,Rádio Natal Reis Magos Ltda. (96 FM). CNPJ 08.459.968/0001-92,"O sistema de controle interno ocorre a partir do início da etapa de campo, onde os entrevistadores, exclusivos da própria Consult-Pesquisa, são fiscalizados permanentemente por coordenadores de campo, e são realizadas abordagens pós-entrevistas, e visitas ou abordagem retorno sobre 15% da amostra.",2014-06-14,14-06-10,2014-06-09,14-06-12,Eleições Gerais 2014,CONSULTORIA E PESQUISA TECNICA LTDA,1700,Paulo de Tarso Teixeira Ferreira,NA,"A Metodologia empregada  para  a  pesquisa segue a Técnica de  Observação  Direta, referente ao Método Quantitativo através da realização de survey de opinião, utilizando-se  como  instrumento  de  investigação   Formulário   Semiestruturado, para entrevistas individualizadas, domiciliares  e/ou locais preestabelecidos.",Rádio Natal Reis Magos Ltda. (96 FM). CNPJ 08.459.968/0001-92,Rádio Natal Reis Magos Ltda. (96 FM). CNPJ 08.459.968/0001-92,BR-00160/2014,Nº 0001 - 6ª região,Nº 7861 - 6ª região,BR,http://pesqele.tse.jus.br//pesqele/publico/pesquisa/Pesquisa/visualizacaoPublica.action;jsessionid=4009F79086D7916ADCAD9746E3A47E91?id=22322,"30.000,00"
BRASIL,"A amostra contou com 1.200 entrevistas válidas junto ao eleitorado dos municípios pesquisados; Ponderação: Ponderação quanto a sexo e faixa etária do respondente e áreas físicas de realização do trabalho: A metodologia adotada utilizou auto-ponderação quanto às variáveis sexo, faixa etária e região geográfica do estado, sendo aplicada nas áreas físicas dos municípios selecionados descritos no plano amostral apresentado. As variáveis  grau de instrução e nível econômico não foram objetos de controle da amostra. ; Intervalo de confiança: 95.5%; Margem de erro: Máxima de 2,9% para mais ou para menos nos dados da amostra global.",Presidente,INSTITUTO VERUS ASSESSORIA E PESQUISA DE MARKETING LTDA,"20% (vinte por cento) de todo material retornado do campo foi objeto de fiscalização e checagem junto ao próprio entrevistado, quando todos os dados e respostas foram conferidos. Trabalho realizado por fiscais de campo paralelamente ao andamento ao trabalho de campo.",2014-06-13,14-06-01,2014-06-08,14-06-06,Eleições Gerais 2014,Instituto Verus Assessoria e Pesquisa de Marketing Ltda - EPP,1200,RUI DA COSTA ABRANTES,REGIÕES - AMOSTRA,"Pesquisa realizada com metodologia quantitativa através de amostragem por quotas proporcionais às variáveis: sexo, faixa etária (conforme dados do TSE) e localização geográfica.  Entrevistas face-a-face, junto a indivíduos com pretensão de votar nas próximas eleições, residentes há mais de um ano nos municípios selecionados com idade igual ou superior a 16 anos.",RECURSOS PRÓPRIO,INSTITUTO VERUS ASSESSORIA E PESQUISA DE MARKETING LTDA,BR-00159/2014,034,6221,BR,http://pesqele.tse.jus.br//pesqele/publico/pesquisa/Pesquisa/visualizacaoPublica.action;jsessionid=4009F79086D7916ADCAD9746E3A47E91?id=22305,"20.000,00"
BRASIL,"Utilizou-se o método de amostragem estratificada proporcional de conglomerados selecionados com probabilidade proporcional ao tamanho (PPT) em 03 estágios. No primeiro estágio separam-se as mesorregiões do estado  usando-se o método PPT (probabilidade proporcional ao tamanho. No segundo estágio os conglomerados selecionados são os municípios com base no método PPT (probabilidade proporcional ao tamanho).  A medida de tamanho adotada para a seleção dos conglomerados é a população residente das mesorregiões e municípios, de acordo com dados censitários disponibilizados pelo IBGE. No terceiro estágio são definidas as cotas de sexo e idade conforme informações estatísticas disponibilizadas pelo TSE. As cotas referentes  à escolaridade e renda domiciliar são coletadas aleatoriamente nas respectivas áreas de coleta, tendo em vista a pouca confiabilidade dos dados disponíveis O controle das cotas é feito pela equipe de supervisores e pesquisadores que compõe a pesquisa:  Cota definidas para a pesquisa, quanto a sexo e idade: Masculino 47,8%%, Feminino 52,2%; 16 a 24 anos 17,5%, 25 a 34 anos 23,5%, 35 a 44 anos 20,4%, 45 a 59 anos 21,7%, mais de 60 anos 16,9%. Cotas coletadas na amostra quanto a escolaridade e renda domiciliar: Analfabeto/lê  e escreve 10,8%, Fundamental 43,1%, Médio 36,1%, Superior 10,0%; De 0 a 01 salário mínimo 41,7%, De 01 a 02 salários mínimos 30,9%, De 02 a 05 Salários mínimos 12,2%, Mais de 05 salários mínimos 15,2% . A amostra é composta por 1006 entrevistas aplicadas na população que tenha título de eleitor, more no estado da Paraíba e vote no estado da Paraíba. O intervalo de confiança estimado é de 95% para uma margem de erro para mais ou para menos de 3,1%",Presidente,"Paraíba dot com internet e comunicação LTDA, CNPJ 07.243.509/0001-04, Rua Monsenhor Walfredo Leal, 309, Tambiá, CEP 58020-540, João Pessoa - PB","Para realização da pesquisa, utilizaram-se uma equipe de entrevistadores e supervisores, contratados pelo Instituto. Todos devidamente treinados para execução do trabalho. Após a coleta das informações, 20% dos questionários aplicados foram submetidos à verificação de critérios, quanto a sua aplicação e adequação dos entrevistados ás variáveis das cotas amostrais.",2014-06-12,14-05-31,2014-06-07,14-06-05,Eleições Gerais 2014,Olho D'água dos Bredos Ltda,1006,Eduardo José Pereira da Costa,"A área da pesquisa compreende o estado da Paraíba, composta por 04 (quatro) mesorregiões: Mata Paraibana, Sertão Paraibano, Borborema e Agreste Paraibano e os seguintes município: Santa Luzia, Patos, Juazeirinho, Picui, Cuité, Poçinhos, Remígio, Araruna, Cacimba de Dentro, Solânea, Lagoa Seca, Queimadas, Monteiro, Sumé, Taperoá, Boqueirão, Esperança, Alagoa Grande, Alagoa Nova, Areia, Bananeiras, Guarabira, Araçagi, Belém, Ingá, Itabaiana, Aroeiras, Catolé do Rocha, São Bento, Pombal, Sousa, Cajazeiras, São João do Rio Peixe, Uiraúna, Itaporanga, Conceição, Piancó, Coremas, Princesa Isabel, Itapororoca, Mamanguape, Rio Tinto, Alhandra, Caaporã, Pedras de Fogo, Pitimbu, Cruz do Espírito Santo, Mari, Sapé, Bayeux, Cabedelo, Conde, Santa Rita, Campina Grande e João Pessoa","Pesquisa quantitativa, que consiste na realização de entrevistas pessoais, com aplicação de questionários estruturados junto a uma amostra representativa do eleitorado da Paraíba.",Paraíba dot com internet e comunicação LTDA,Paraíba dot com internet e comunicação LTDA,BR-00158/2014,045/2014,6149-A,BR,http://pesqele.tse.jus.br//pesqele/publico/pesquisa/Pesquisa/visualizacaoPublica.action;jsessionid=4009F79086D7916ADCAD9746E3A47E91?id=22298,"25.000,00"
BRASIL,"A pesquisa tem como população alvo o eleitorado do município de Foz do Iguaçu. A amostra é baseada em uma margem de erro de 4% e intervalo de confiança de 95%, resultando em 600 eleitores. As ponderações utilizadas na pesquisa serão: Sexo  Masculino: 46,9%/ Feminino: 53,1%; Faixa etária (anos)- 16 a 24: 17,1%/25 a 34 anos: 23,4%/ 35 a 44: 21,8%/ 45 a 59: 24,6%/ 60 anos ou mais = 13,1%; Grau de instrução Até o Ensino Fundamental Completo: 54,9 %/ Ensino Médio Completo e Incompleto: 36,6%/ Superior Completo e Incompleto: 8,5 %.O nível econômico (salários mínimos nacional)  0 a 2 s.m.: 57% / 2 a 5 s.m.: 30% / acima de 5 s. m.: 13%.",Presidente,A Fronteira do Oeste Ltda,"Todas as entrevistas serão aplicadas por entrevistadores do quadro próprio da empresa devidamente treinados sendo estes eleitores e moradores de fora da cidade pesquisada e acompanhados em campo por coordenador que além de fiscalizar o trabalho dos entrevistadores os distribui proporcionalmente em campo, a fim de cobrir todas as áreas a serem entrevistadas, respeitando criteriosamente as cotas e perfis estabelecidos na metodologia, além de fazer uma checagem de pelo menos 25% dos questionários realizados. Todos os questionários são assinados e identificados com o RG de cada pesquisador que o aplicou em campo.",2014-06-12,14-06-08,2014-06-07,14-06-11,Eleições Gerais 2014,OPINIAO PESQUISA E ASSESSORIA LTDA,600,Andressa kutschenko,"Foram considerados na pesquisa os bairros pertencentes a 7regiões do município de Foz do Iguaçu, com as respectivas ponderações - Região do Três Lagoas (Região 1): 8,9% / Região da Vila C (Região 2): 13,3% / Região do São Francisco, Morumbi e Campos do Iguaçu(Região 3): 23,4% / Regiões do Porto Meira (Região 4): 12,1% / Região do Jardim São Paulo e da Vila Carimã (Região 5): 8,0% / Região do Centro, do Jardim América e Vila Yolanda (Região 6): 19,4% / Região do Parque Imperatriz e Vila A (Região 7): 14,9%. (Fonte de dados: IBGE,2012).","Questionário aplicado na cidade de Foz do Iguaçú-Paraná: Pesquisa quantitativa, por amostragem, com aplicação de questionário estruturado, com perguntas abertas e fechadas, e abordagem pessoal em domicílios. Será realizada uma amostragem aleatória em três estágios: proporcional (bairros), simples (quadras) e sistemática (domicílios). Dentro dos bairros serão sorteadas quadras, sendo que nas quadras sorteadas, os domicílios serão selecionados por amostragem sistemática. Nas regiões de grande concentração de prédios, serão entrevistados passantes e moradores das quadras selecionadas. Será realizada apenas uma entrevista por residência com o morador, eleitor do município, apto a responder a pesquisa.",Contratante,Contratante,BR-00157/2014,6650-12,9066-A,BR,http://pesqele.tse.jus.br//pesqele/publico/pesquisa/Pesquisa/visualizacaoPublica.action;jsessionid=4009F79086D7916ADCAD9746E3A47E91?id=22296,"9.000,00"
BRASIL,Plano Amostral:,Presidente,EDITORA CONFIANÇA LTDA - CNPJ:04.735.670/0001-07,"Para a realização da pesquisa será utilizada uma equipe de entrevistadores e supervisores devidamente treinada para este trabalho. Após os trabalhos de campo, os questionários são submetidos a uma fiscalização que consiste no retorno a campo de 20% dos questionários aplicados individualmente pelos entrevistadores, para verificação das respostas e da adequação dos entrevistados aos parâmetros amostrais.",2014-06-11,14-05-30,2014-06-06,14-06-01,Eleições Gerais 2014,VOX OPINIÃO PESQUISA E PROJETOS LTDA,2200,MARIA CECÍLIA SACRAMENTO SOUZA,NA,"Pesquisa quantitativa, que consiste na realização de entrevistas pessoais, com a aplicação de questionários estruturados e padronizados junto a uma amostra representativa do eleitorado brasileiro.",EDITORA CONFIANÇA LTDA - CNPJ:04.735.670/0001-07,EDITORA CONFIANÇA LTDA - CNPJ:04.735.670/0001-07,BR-00156/2014,NA,5ª REGIÃO Nº 8641,BR,http://pesqele.tse.jus.br//pesqele/publico/pesquisa/Pesquisa/visualizacaoPublica.action;jsessionid=4009F79086D7916ADCAD9746E3A47E91?id=22271,"145.200,00"
BRASIL,"Representativa do eleitorado da área em estudo, elaborada em três estágios. No primeiro estágio faz-se um sorteio probabilístico dos municípios, onde as entrevistas serão realizadas, pelo método PPT (Probabilidade Proporcional ao Tamanho), tomando o eleitorado como base para tal seleção. No segundo estágio faz-se um sorteio probabilístico dos setores censitários, onde as entrevistas serão realizadas, pelo método PPT (Probabilidade Proporcional ao Tamanho), tomando a população de 16 anos ou mais residente nos setores como base para tal seleção. No terceiro e último estágio, dentro dos setores sorteados, os respondentes são selecionados através de quotas amostrais proporcionais em função de variáveis significativas, a saber: IDADE: 16-24 (masculino) 21% (feminino) 19%; 25-34 (masculino) 24% (feminino) 24%; 35-44 (masculino) 20% (feminino) 20%; 45-54 (masculino) 16% (feminino) 17%; 55 e+ (masculino) 19% (feminino) 21%; INSTRUÇÃO: Até Ensino Médio (masculino) 84% (feminino) 81%; Ensino Superior (masculino) 16% (feminino) 19%; NÍVEL ECONÔMICO: Economicamente ativo (masculino) 79% (feminino) 55%; Não Economicamente ativo (masculino) 21% (feminino) 45%. Está prevista eventual ponderação para correção das variáveis sexo e idade, com base nos percentuais anteriormente mencionados, caso ocorram diferenças superiores a 3 pontos percentuais entre o previsto na amostra e a coleta de dados realizada. Para as variáveis de grau de instrução e nível econômico do entrevistado, o fator previsto para ponderação é 1 (resultados obtidos em campo). O nível de confiança estimado é de 95% e a margem de erro máxima estimada considerando um modelo de amostragem aleatório simples, é de 2 (dois) pontos percentuais para mais ou para menos sobre os resultados encontrados no total da amostra. FONTE DOS DADOS: Censo 2010 | PNAD 2012 | TSE 2012",Presidente,"UNIÃO DOS VEREADORES DO ESTADO DE SÃO PAULO, com sede na cidade de São Paulo, Estado de SP, Rua Pamplona, n. 1188 - sala 73 - Jardim Paulista, CEP 01405-001, inscrita no CNPJ/MF sob o nº 01.024.643/0001-38.","Para a realização da pesquisa, utiliza-se uma equipe de entrevistadores e supervisores contratados pelo IBOPE INTELIGÊNCIA PESQUISA E CONSULTORIA LTDA. devidamente treinados para o trabalho. Após os trabalhos de campo, os questionários são submetidos a uma fiscalização de 20% (vinte por cento) dos questionários aplicados pelos entrevistadores; para verificação das respostas e da adequação dos entrevistadores aos parâmetros amostrais.",2014-06-10,14-06-04,2014-06-05,14-06-10,Eleições Gerais 2014,IBOPE INTELIGÊNCIA PESQUISA E CONSULTORIA LTDA.,2002,Márcia Cavallari Nunes,"A área de abrangência da coleta é nacional. A relação dos municípios selecionados para aplicação da amostra será apresentada até o 7º dia seguinte ao registro da pesquisa, conforme expresso no art. 2º, §5º da Resolução 23.400/2013 do TSE.","Pesquisa quantitativa, que consiste na realização de entrevistas pessoais, com a aplicação de questionário estruturado junto a uma amostra representativa do eleitorado em estudo.","UNIÃO DOS VEREADORES DO ESTADO DE SÃO PAULO, com sede na cidade de São Paulo, Estado de SP, Rua Pamplona, n. 1188 - sala 73 - Jardim Paulista, CEP 01405-001, inscrita no CNPJ/MF sob o nº 01.024.643/0001-38.","UNIÃO DOS VEREADORES DO ESTADO DE SÃO PAULO, com sede na cidade de São Paulo, Estado de SP, Rua Pamplona, n. 1188 - sala 73 - Jardim Paulista, CEP 01405-001, inscrita no CNPJ/MF sob o nº 01.024.643/0001-38.",BR-00154/2014,4375-94,6208-A,BR,http://pesqele.tse.jus.br//pesqele/publico/pesquisa/Pesquisa/visualizacaoPublica.action;jsessionid=4009F79086D7916ADCAD9746E3A47E91?id=22245,"202.000,00"
